<?xml version="1.0" encoding="UTF-8" standalone="no"?>
<NCMDeviceTemplate description="For all Cisco IOS Switches" displayName="Cisco IOS Switch" osType="IOS" templateName="Cisco_IOS_Switch">
	<RestTemplate name=""/>
	<Vendor displayName="Cisco" vendorName="Cisco">
		<Commands>
			<Command commandstr="show version"/>
			<Command commandstr="show interfaces"/>
			<Command commandstr="show access-lists"/>
			<Command commandstr="show logging"/>
			<Command commandstr="show ip traffic"/>
			<Command commandstr="show buffers"/>
			<Command commandstr="show hardware"/>
		</Commands>
		<LoggingLevels>
			<Level name="notifications" number="5" sequenceid="0"/>
			<Level name="informational" number="6" sequenceid="1"/>
			<Level name="debugging" number="7" sequenceid="2"/>
		</LoggingLevels>
	</Vendor>
	<Protocols>
		<Protocol name="SSH/TELNET - TFTP">
        	<OperationGroup type="backup">
            	<Operation name="startup">
                	<Command commandstr="copy nvram:/startup-config tftp" messagesuffix="${LF}" prompt="?" sequenceid="3" timeout="20000" promptactionid="" readfromresponse="false" promptecho="true" commandecho="false" delay="0"/>
                	<Command commandstr="${UserInput:tftp_server_address}" messagesuffix="${LF}" prompt="?" sequenceid="4" timeout="20000" promptactionid="" readfromresponse="false" promptecho="true" commandecho="false" delay="0"/>
                	<Command commandstr="${UserInput:file_name}" messagesuffix="${LF}" prompt="${UserInput:EnablePrompt}" sequenceid="5" timeout="30000" promptactionid="yesActionId" readfromresponse="false" promptecho="true" commandecho="false" delay="0"/>
            	</Operation>
            	<Operation name="running">
                	<Command commandstr="copy system:/running-config tftp" messagesuffix="${LF}" prompt="?" sequenceid="3" timeout="20000" promptactionid="" readfromresponse="false" promptecho="true" commandecho="false" delay="0"/>
                	<Command commandstr="${UserInput:tftp_server_address}" messagesuffix="${LF}" prompt="?" sequenceid="4" timeout="20000" promptactionid="" readfromresponse="false" promptecho="true" commandecho="false" delay="0"/>
                	<Command commandstr="${UserInput:file_name}" messagesuffix="${LF}" prompt="${UserInput:EnablePrompt}" sequenceid="5" timeout="30000" promptactionid="yesActionId" readfromresponse="false" promptecho="true" commandecho="false" delay="0"/>
            	</Operation>
        	</OperationGroup>
        	<OperationGroup type="upload">
            	<Operation name="startup">
                	<Command commandstr="copy tftp nvram:/startup-config" messagesuffix="${LF}" prompt="?" sequenceid="3" timeout="20000" promptactionid="" readfromresponse="false" promptecho="true" commandecho="false" delay="0"/>
                	<Command commandstr="${UserInput:tftp_server_address}" messagesuffix="${LF}" prompt="?" sequenceid="4" timeout="20000" promptactionid="" readfromresponse="false" promptecho="true" commandecho="false" delay="0"/>
                	<Command commandstr="${UserInput:file_name}" messagesuffix="${LF}" prompt="${UserInput:EnablePrompt}" sequenceid="5" timeout="30000" promptactionid="yesActionId" readfromresponse="false" promptecho="true" commandecho="false" delay="0"/>
            	</Operation>
            	<Operation name="running">
                	<Command commandstr="copy tftp system:/running-config" messagesuffix="${LF}" prompt="?" sequenceid="3" timeout="60000" promptactionid="" readfromresponse="false" promptecho="true" commandecho="false" delay="0"/>
                	<Command commandstr="${UserInput:tftp_server_address}" messagesuffix="${LF}" prompt="?" sequenceid="4" timeout="60000" promptactionid="" readfromresponse="false" promptecho="true" commandecho="false" delay="0"/>
                	<Command commandstr="${UserInput:file_name}" messagesuffix="${LF}" prompt="${UserInput:EnablePrompt}" sequenceid="5" timeout="60000" promptactionid="yesActionId" readfromresponse="false" promptecho="true" commandecho="false" delay="0"/>
            	</Operation>
        	</OperationGroup>
        	<OperationGroup type="others">
            	<Operation name="syncconfiguration">
                	<Command commandstr="copy running-config startup-config" messagesuffix="${LF}" prompt="${UserInput:EnablePrompt}" sequenceid="3" timeout="30000" promptactionid="yesActionId" readfromresponse="false" promptecho="true" commandecho="false" delay="0"/>
            	</Operation>
            	<Operation name="hardwareProp">
                	<Command commandstr="terminal length 0" messagesuffix="${LF}" prompt="${UserInput:EnablePrompt}" sequenceid="3" timeout="60000" promptactionid="" readfromresponse="false" promptecho="true" commandecho="false" delay="0"/>
                	<Command commandstr="show running-config" messagesuffix="${LF}" prompt="${UserInput:EnablePrompt}" sequenceid="4" timeout="20000" promptactionid="yesActionId" readfromresponse="false" promptecho="true" commandecho="false" delay="0"/>
            	</Operation>
        	</OperationGroup>
        	<OperationGroup type="changedetection">
            	<Operation name="enable">
                	<Command commandstr="configure terminal" messagesuffix="${LF}" prompt="${UserInput:EnablePrompt}" sequenceid="3" timeout="20000" promptactionid="" readfromresponse="false" promptecho="true" commandecho="false" delay="0"/>
                	<Command commandstr="logging on" messagesuffix="${LF}" prompt="${UserInput:EnablePrompt}" sequenceid="4" timeout="20000" promptactionid="" readfromresponse="false" promptecho="true" commandecho="false" delay="0"/>
                	<Command commandstr="logging ${UserInput:HostIpAddress}" messagesuffix="${LF}" prompt="${UserInput:EnablePrompt}" sequenceid="5" timeout="20000" promptactionid="" readfromresponse="false" promptecho="true" commandecho="false" delay="0"/>
                	<Command commandstr="logging trap ${UserInput:LoggingLevel}" messagesuffix="${LF}" prompt="${UserInput:EnablePrompt}" sequenceid="6" timeout="20000" promptactionid="" readfromresponse="false" promptecho="true" commandecho="false" delay="0"/>
                	<Command commandstr="end" messagesuffix="${LF}" prompt="${UserInput:EnablePrompt}" sequenceid="7" timeout="20000" promptactionid="" readfromresponse="false" promptecho="true" commandecho="false" delay="0"/>
            	</Operation>
            	<Operation name="disable">
                	<Command commandstr="configure terminal" messagesuffix="${LF}" prompt="${UserInput:EnablePrompt}" sequenceid="3" timeout="20000" promptactionid="" readfromresponse="false" promptecho="true" commandecho="false" delay="0"/>
                	<Command commandstr="no logging ${UserInput:HostIpAddress}" messagesuffix="${LF}" prompt="${UserInput:EnablePrompt}" sequenceid="4" timeout="20000" promptactionid="" readfromresponse="false" promptecho="true" commandecho="false" delay="0"/>
                	<Command commandstr="end" messagesuffix="${LF}" prompt="${UserInput:EnablePrompt}" sequenceid="5" timeout="20000" promptactionid="" readfromresponse="false" promptecho="true" commandecho="false" delay="0"/>
            	</Operation>
        	</OperationGroup>
    	</Protocol>
		<Protocol name="SSH/TELNET">
        	<OperationGroup type="backup">
            	<Operation name="startup">
                	<Command commandstr="terminal length 0" messagesuffix="${LF}" prompt="${UserInput:EnablePrompt}" sequenceid="10" timeout="60000" promptactionid="" readfromresponse="false" promptecho="true" commandecho="false" delay="0"/>
                	<Command commandstr="show startup-config" messagesuffix="${LF}" prompt="${UserInput:EnablePrompt}" sequenceid="20" timeout="20000" promptactionid="yesActionId" readfromresponse="true" promptecho="true" commandecho="false" delay="0"/>
            	</Operation>
            	<Operation name="running">
                	<Command commandstr="terminal length 0" messagesuffix="${LF}" prompt="${UserInput:EnablePrompt}" sequenceid="10" timeout="60000" promptactionid="" readfromresponse="false" promptecho="true" commandecho="false" delay="0"/>
                	<Command commandstr="show running-config" messagesuffix="${LF}" prompt="${UserInput:EnablePrompt}" sequenceid="20" timeout="20000" promptactionid="yesActionId" readfromresponse="true" promptecho="true" commandecho="false" delay="0"/>
            	</Operation>
        	</OperationGroup>
        	<OperationGroup type="others">
            	<Operation name="syncconfiguration">
                	<Command commandstr="write mem" messagesuffix="${LF}" prompt="${UserInput:EnablePrompt}" sequenceid="10" timeout="30000" promptactionid="yesActionId" readfromresponse="false" promptecho="true" commandecho="false" delay="0"/>
            	</Operation>
            	<Operation name="hardwareProp">
                	<Command commandstr="terminal length 0" messagesuffix="${LF}" prompt="${UserInput:EnablePrompt}" sequenceid="3" timeout="60000" promptactionid="" readfromresponse="false" promptecho="true" commandecho="false" delay="0"/>
                	<Command commandstr="show running-config" messagesuffix="${LF}" prompt="${UserInput:EnablePrompt}" sequenceid="4" timeout="20000" promptactionid="yesActionId" readfromresponse="false" promptecho="true" commandecho="false" delay="0"/>
            	</Operation>
        	</OperationGroup>
        	<OperationGroup type="changedetection">
            	<Operation name="enable">
                	<Command commandstr="configure terminal" messagesuffix="${LF}" prompt="${UserInput:EnablePrompt}" sequenceid="3" timeout="20000" promptactionid="" readfromresponse="false" promptecho="true" commandecho="false" delay="0"/>
                	<Command commandstr="logging on" messagesuffix="${LF}" prompt="${UserInput:EnablePrompt}" sequenceid="4" timeout="20000" promptactionid="" readfromresponse="false" promptecho="true" commandecho="false" delay="0"/>
                	<Command commandstr="logging ${UserInput:HostIpAddress}" messagesuffix="${LF}" prompt="${UserInput:EnablePrompt}" sequenceid="5" timeout="20000" promptactionid="" readfromresponse="false" promptecho="true" commandecho="false" delay="0"/>
                	<Command commandstr="logging trap ${UserInput:LoggingLevel}" messagesuffix="${LF}" prompt="${UserInput:EnablePrompt}" sequenceid="6" timeout="20000" promptactionid="" readfromresponse="false" promptecho="true" commandecho="false" delay="0"/>
                	<Command commandstr="end" messagesuffix="${LF}" prompt="${UserInput:EnablePrompt}" sequenceid="7" timeout="20000" promptactionid="" readfromresponse="false" promptecho="true" commandecho="false" delay="0"/>
            	</Operation>
            	<Operation name="disable">
                	<Command commandstr="configure terminal" messagesuffix="${LF}" prompt="${UserInput:EnablePrompt}" sequenceid="3" timeout="20000" promptactionid="" readfromresponse="false" promptecho="true" commandecho="false" delay="0"/>
                	<Command commandstr="no logging ${UserInput:HostIpAddress}" messagesuffix="${LF}" prompt="${UserInput:EnablePrompt}" sequenceid="4" timeout="20000" promptactionid="" readfromresponse="false" promptecho="true" commandecho="false" delay="0"/>
                	<Command commandstr="end" messagesuffix="${LF}" prompt="${UserInput:EnablePrompt}" sequenceid="5" timeout="20000" promptactionid="" readfromresponse="false" promptecho="true" commandecho="false" delay="0"/>
            	</Operation>
        	</OperationGroup>
    	</Protocol>
		<Protocol name="SSH - SCP">
        	<OperationGroup type="backup">
            	<Operation name="startup">
                	<Command commandstr="copy startup-config scp://${UserInput:scp_username}@${UserInput:scp_server_address}/${UserInput:file_name}" messagesuffix="${LF}" prompt="Password:" sequenceid="10" timeout="30000" promptactionid="yesActionId" readfromresponse="false" promptecho="true" commandecho="false" delay="0"/>
                	<Command commandstr="${UserInput:scp_password}" messagesuffix="${LF}" prompt="${UserInput:EnablePrompt}" sequenceid="20" timeout="30000" promptactionid="yesActionId" readfromresponse="false" promptecho="true" commandecho="false" delay="0"/>
            	</Operation>
            	<Operation name="running">
                	<Command commandstr="copy running-config scp://${UserInput:scp_username}@${UserInput:scp_server_address}/${UserInput:file_name}" messagesuffix="${LF}" prompt="Password:" sequenceid="10" timeout="30000" promptactionid="yesActionId" readfromresponse="false" promptecho="true" commandecho="false" delay="0"/>
                	<Command commandstr="${UserInput:scp_password}" messagesuffix="${LF}" prompt="${UserInput:EnablePrompt}" sequenceid="20" timeout="30000" promptactionid="yesActionId" readfromresponse="false" promptecho="true" commandecho="false" delay="0"/>
            	</Operation>
        	</OperationGroup>
        	<OperationGroup type="upload">
            	<Operation name="startup">
                	<Command commandstr="copy scp://${UserInput:scp_username}@${UserInput:scp_server_address}/${UserInput:file_name} startup-config" messagesuffix="${LF}" prompt="Password:" sequenceid="10" timeout="30000" promptactionid="yesActionId" readfromresponse="false" promptecho="true" commandecho="false" delay="0"/>
                	<Command commandstr="${UserInput:scp_password}" messagesuffix="${LF}" prompt="${UserInput:EnablePrompt}" sequenceid="20" timeout="30000" promptactionid="yesActionId" readfromresponse="false" promptecho="true" commandecho="false" delay="0"/>
            	</Operation>
            	<Operation name="running">
                	<Command commandstr="copy scp://${UserInput:scp_username}@${UserInput:scp_server_address}/${UserInput:file_name} running-config" messagesuffix="${LF}" prompt="Password:" sequenceid="10" timeout="30000" promptactionid="yesActionId" readfromresponse="false" promptecho="true" commandecho="false" delay="0"/>
                	<Command commandstr="${UserInput:scp_password}" messagesuffix="${LF}" prompt="${UserInput:EnablePrompt}" sequenceid="20" timeout="30000" promptactionid="yesActionId" readfromresponse="false" promptecho="true" commandecho="false" delay="0"/>
            	</Operation>
        	</OperationGroup>
        	<OperationGroup type="others">
            	<Operation name="syncconfiguration">
                	<Command commandstr="copy running-config startup-config" messagesuffix="${LF}" prompt="${UserInput:EnablePrompt}" sequenceid="3" timeout="30000" promptactionid="yesActionId" readfromresponse="false" promptecho="true" commandecho="false" delay="0"/>
            	</Operation>
            	<Operation name="hardwareProp">
                	<Command commandstr="terminal length 0" messagesuffix="${LF}" prompt="${UserInput:EnablePrompt}" sequenceid="3" timeout="60000" promptactionid="" readfromresponse="false" promptecho="true" commandecho="false" delay="0"/>
                	<Command commandstr="show running-config" messagesuffix="${LF}" prompt="${UserInput:EnablePrompt}" sequenceid="4" timeout="20000" promptactionid="yesActionId" readfromresponse="false" promptecho="true" commandecho="false" delay="0"/>
            	</Operation>
        	</OperationGroup>
        	<OperationGroup type="changedetection">
            	<Operation name="enable">
                	<Command commandstr="configure terminal" messagesuffix="${LF}" prompt="${UserInput:EnablePrompt}" sequenceid="3" timeout="20000" promptactionid="" readfromresponse="false" promptecho="true" commandecho="false" delay="0"/>
                	<Command commandstr="logging on" messagesuffix="${LF}" prompt="${UserInput:EnablePrompt}" sequenceid="4" timeout="20000" promptactionid="" readfromresponse="false" promptecho="true" commandecho="false" delay="0"/>
                	<Command commandstr="logging ${UserInput:HostIpAddress}" messagesuffix="${LF}" prompt="${UserInput:EnablePrompt}" sequenceid="5" timeout="20000" promptactionid="" readfromresponse="false" promptecho="true" commandecho="false" delay="0"/>
                	<Command commandstr="logging trap ${UserInput:LoggingLevel}" messagesuffix="${LF}" prompt="${UserInput:EnablePrompt}" sequenceid="6" timeout="20000" promptactionid="" readfromresponse="false" promptecho="true" commandecho="false" delay="0"/>
                	<Command commandstr="end" messagesuffix="${LF}" prompt="${UserInput:EnablePrompt}" sequenceid="7" timeout="20000" promptactionid="" readfromresponse="false" promptecho="true" commandecho="false" delay="0"/>
            	</Operation>
            	<Operation name="disable">
                	<Command commandstr="configure terminal" messagesuffix="${LF}" prompt="${UserInput:EnablePrompt}" sequenceid="3" timeout="20000" promptactionid="" readfromresponse="false" promptecho="true" commandecho="false" delay="0"/>
                	<Command commandstr="no logging ${UserInput:HostIpAddress}" messagesuffix="${LF}" prompt="${UserInput:EnablePrompt}" sequenceid="4" timeout="20000" promptactionid="" readfromresponse="false" promptecho="true" commandecho="false" delay="0"/>
                	<Command commandstr="end" messagesuffix="${LF}" prompt="${UserInput:EnablePrompt}" sequenceid="5" timeout="20000" promptactionid="" readfromresponse="false" promptecho="true" commandecho="false" delay="0"/>
            	</Operation>
        	</OperationGroup>
    	</Protocol>
	</Protocols>
    <NCMPersonality displayName="Cisco Switch" personalityName="CiscoSwitch">	
		<Login enablecommand="enable" suffix="${LF}" postloginprompt="" postlogincommand="" preloginprompt="" prelogincommand=""/>
		<PersonalityTable>
			<Columns>
				<Column name="CPU" size="50" desc="Switch CPU" displayname="CPU" defaultvalue="Not Available" sequenceid="1"/>
				<Column name="DRAMSIZE" size="100" desc="Identifies the size of DRAM in KB" displayname="DRAM Size" defaultvalue="Not Available" sequenceid="3"/>
				<Column name="MBOARDASSEMBLYNO" size="50" desc="Motherboard Assembly Number" displayname="Motherboard Assembly Number" defaultvalue="Not Available" sequenceid="4"/>
				<Column name="NVRAMSIZE" size="100" desc="Identifies the size of NVRAM in KB" displayname="NVRAM Size" defaultvalue="Not Available" sequenceid="5"/>
				<Column name="MBOARDSERIALNO" size="50" desc="Motherboard Serial Number" displayname="Motherboard Serial Number" defaultvalue="Not Available" sequenceid="6"/>
				<Column name="FLASHSIZE" size="100" desc="Identifies the size of FLASH in MB" displayname="Flash Size" defaultvalue="Not Available" sequenceid="7"/>
				<Column name="MBOARDREVISIONNO" size="100" desc="Motherboard Revision Number" displayname="Motherboard Revision Number" defaultvalue="Not Available" sequenceid="8"/>
				<Column name="CONFIGREGISTER" size="50" desc="Config Register" displayname="Configuration Register" defaultvalue="Not Available" sequenceid="9"/>
				<Column name="POWERSUPPLYPARTNO" size="50" desc="Power Supply Part Number" displayname="Power Supply Part Number" defaultvalue="Not Available" sequenceid="10"/>
				<Column name="MODELREVISIONNO" size="100" desc="Model Revision Number" displayname="Model Revision Number" defaultvalue="Not Available" sequenceid="12"/>
			</Columns>
		</PersonalityTable>
		<ConfigurationFile format="Text">
 			<ExcludeLines>
				<Criteria type="deleteLine">
					<Regex>^Building.*\n\n^Current.*\n</Regex>
					<Regex>^Using.*out.*</Regex>
				</Criteria>
				<Criteria type="deletePrompt">
					<Regex>.*</Regex>
				</Criteria>
			</ExcludeLines>
			<SyslogStateCheckers>
				<SyslogState state="disable">
					<Regex>no logging on</Regex>
					<Regex>logging trap (emergencies|alerts|critical|errors|warnings)</Regex>
				</SyslogState>
				<SyslogState state="enable">
					<Regex>(logging $SYSLOG_SERVER_IP$)|(logging host $SYSLOG_SERVER_IP$)</Regex>
				</SyslogState>
			</SyslogStateCheckers>
		</ConfigurationFile>
		<HardwareDetails>
			<HardwareParser parserFileName="CiscoHardwarePropParser.xml"/> 
			<Protocols>
				<Protocol name="">
					<Commands operation="">
						<Command commandstr="show version" parsercommandname="hardware_prop_cisco_ios_switch" responseparserid="cisco_hardware_prop_parser" messagesuffix="${LF}" prompt="${UserInput:EnablePrompt}" timeout="20000" promptactionid="yesActionId"/>
					</Commands>
				</Protocol>
			</Protocols>
		</HardwareDetails>
	</NCMPersonality>
    <NCMDeviceSysOIDList>
        <NCMDeviceSysOID model="2600" ostype="IOS" series="Catalyst 2600" sysoid=".1.3.6.1.4.1.5.2.6"/>
        <NCMDeviceSysOID model="Cisco Cat9k" ostype="[NA]" series="Cisco Cat9k" sysoid=".1.3.6.1.4.1.9.1.2871"/>
        <NCMDeviceSysOID model="Cisco Cat9k" ostype="[NA]" series="Cisco Cat9k" sysoid=".1.3.6.1.4.1.9.1.2861"/>
        <NCMDeviceSysOID model="Cisco Cat9k" ostype="[NA]" series="Cisco Cat9k" sysoid=".1.3.6.1.4.1.9.1.2868"/>
        <NCMDeviceSysOID model="IE-4010-4S24P" ostype="NA" series="IE4010" sysoid=".1.3.6.1.4.1.9.1.2368"/>
        <NCMDeviceSysOID model="C1000-48P-4X-L" ostype="NA" series="C1000" sysoid=".1.3.6.1.4.1.9.1.2897"/>
        <NCMDeviceSysOID model="2600" ostype="IOS" series="Catalyst 2600" sysoid=".1.3.6.1.4.1.2.6.66.1.1.216"/>
        <NCMDeviceSysOID model="" ostype="" series="" sysoid=".1.3.6.1.4.1.5.1.3.1.1.1.2.22"/>
        <NCMDeviceSysOID model="" ostype="" series="" sysoid=".1.3.6.1.4.1.5.1.3.1.1.1.2.23"/>
        <NCMDeviceSysOID model="3000" ostype="" series="3000" sysoid=".1.3.6.1.4.1.9.1.6"/>
        <NCMDeviceSysOID model="4000" ostype="IOS" series="Catalyst 4000" sysoid=".1.3.6.1.4.1.9.1.7"/>
        <NCMDeviceSysOID model="3500" ostype="IOS" series="Catalyst 3500" sysoid=".1.3.6.1.4.1.9.1.111"/>
        <NCMDeviceSysOID model="3011" ostype="IOS" series="Catalyst 3000" sysoid=".1.3.6.1.4.1.9.1.112"/>
        <NCMDeviceSysOID model="WS-X5301" ostype="IOS" series="Catalyst 5000" sysoid=".1.3.6.1.4.1.9.1.121"/>
        <NCMDeviceSysOID model="WS-X5302" ostype="IOS" series="Catalyst 5000" sysoid=".1.3.6.1.4.1.9.1.168"/>
        <NCMDeviceSysOID model="2908XL" ostype="IOS" series="Catalyst 2900 XL" sysoid=".1.3.6.1.4.1.9.1.170"/>
        <NCMDeviceSysOID model="1912C A" ostype="IOS" series="Catalyst 1900" sysoid=".1.3.6.1.4.1.9.1.175"/>
        <NCMDeviceSysOID model="6200" ostype="IOS" series="6200 IP DSL" sysoid=".1.3.6.1.4.1.9.1.192"/>
        <NCMDeviceSysOID model="9006" ostype="IOS" series="Catalyst 9000" sysoid=".1.3.6.1.4.1.9.1.197"/>
        <NCMDeviceSysOID model="9009" ostype="IOS" series="Catalyst 9000" sysoid=".1.3.6.1.4.1.9.1.198"/>
        <NCMDeviceSysOID model="8850" ostype="IOS" series="MGX 8800" sysoid=".1.3.6.1.4.1.9.1.228"/>
        <NCMDeviceSysOID model="8830" ostype="IOS" series="MGX 8800" sysoid=".1.3.6.1.4.1.9.1.229"/>
        <NCMDeviceSysOID model="8410" ostype="IOS" series="IGX 8400" sysoid=".1.3.6.1.4.1.9.1.232"/>
        <NCMDeviceSysOID model="8420" ostype="IOS" series="IGX 8400" sysoid=".1.3.6.1.4.1.9.1.233"/>
        <NCMDeviceSysOID model="8430" ostype="IOS" series="IGX 8400" sysoid=".1.3.6.1.4.1.9.1.234"/>
        <NCMDeviceSysOID model="8450" ostype="IOS" series="IGX 8400" sysoid=".1.3.6.1.4.1.9.1.235"/>
        <NCMDeviceSysOID model="8620" ostype="IOS" series="BPX 8600" sysoid=".1.3.6.1.4.1.9.1.237"/>
        <NCMDeviceSysOID model="8650" ostype="IOS" series="BPX 8600" sysoid=".1.3.6.1.4.1.9.1.238"/>
        <NCMDeviceSysOID model="8680" ostype="IOS" series="BPX 8600" sysoid=".1.3.6.1.4.1.9.1.239"/>
        <NCMDeviceSysOID model="6000" ostype="IOS" series="Catalyst 6000" sysoid=".1.3.6.1.4.1.9.1.241"/>
        <NCMDeviceSysOID model="BPX SES" ostype="IOS" series="BPX 8600" sysoid=".1.3.6.1.4.1.9.1.242"/>
        <NCMDeviceSysOID model="IGX SES" ostype="IOS" series="IGX 8400" sysoid=".1.3.6.1.4.1.9.1.243"/>
        <NCMDeviceSysOID model="6100" ostype="IOS" series="6100 IP DSL" sysoid=".1.3.6.1.4.1.9.1.251"/>
        <NCMDeviceSysOID model="6130" ostype="IOS" series="6100 IP DSL" sysoid=".1.3.6.1.4.1.9.1.252"/>
        <NCMDeviceSysOID model="6260" ostype="IOS" series="6200 IP DSL" sysoid=".1.3.6.1.4.1.9.1.253"/>
        <NCMDeviceSysOID model="WS-X6302-MSM" ostype="IOS" series="Catalyst 6000" sysoid=".1.3.6.1.4.1.9.1.256"/>
        <NCMDeviceSysOID model="6006" ostype="IOS" series="Catalyst 6000" sysoid=".1.3.6.1.4.1.9.1.280"/>
        <NCMDeviceSysOID model="6009" ostype="IOS" series="Catalyst 6000" sysoid=".1.3.6.1.4.1.9.1.281"/>
        <NCMDeviceSysOID model="6160" ostype="IOS" series="6000" sysoid=".1.3.6.1.4.1.9.1.297"/>
        <NCMDeviceSysOID model="6165" ostype="IOS" series="Catalyst 6000" sysoid=".1.3.6.1.4.1.9.1.299"/>
        <NCMDeviceSysOID model="4232L3" ostype="IOS" series="Catalyst 4000" sysoid=".1.3.6.1.4.1.9.1.300"/>
        <NCMDeviceSysOID model="MSFC2" ostype="IOS" series="Catalyst 6000" sysoid=".1.3.6.1.4.1.9.1.301"/>
        <NCMDeviceSysOID model="8230" ostype="IOS" series="MGX 8200" sysoid=".1.3.6.1.4.1.9.1.304"/>
        <NCMDeviceSysOID model="8250" ostype="IOS" series="MGX 8200" sysoid=".1.3.6.1.4.1.9.1.305"/>
        <NCMDeviceSysOID model="8240" ostype="IOS" series="8200" sysoid=".1.3.6.1.4.1.9.1.311"/>
        <NCMDeviceSysOID model="8950" ostype="IOS" series="MGX 8900" sysoid=".1.3.6.1.4.1.9.1.315"/>
        <NCMDeviceSysOID model="4604" ostype="IOS" series="Catalyst 4000" sysoid=".1.3.6.1.4.1.9.1.318"/>
        <NCMDeviceSysOID model="2924-LRE-XL" ostype="IOS" series="Catalyst 2900 XL" sysoid=".1.3.6.1.4.1.9.1.369"/>
        <NCMDeviceSysOID model="8400" ostype="IOS" series="IGX 8400" sysoid=".1.3.6.1.4.1.9.1.373"/>
        <NCMDeviceSysOID model="8400" ostype="IOS" series="IGX 8400" sysoid=".1.3.6.1.4.1.9.1.374"/>
        <NCMDeviceSysOID model="8400" ostype="IOS" series="IGX 8400" sysoid=".1.3.6.1.4.1.9.1.375"/>
        <NCMDeviceSysOID model="C2948G-L3" ostype="IOS" series="Catalyst G L-3" sysoid=".1.3.6.1.4.1.9.1.386"/>
        <NCMDeviceSysOID model="ONS15540ESP" ostype="IOS" series="ONS 15500" sysoid=".1.3.6.1.4.1.9.1.406"/>
        <NCMDeviceSysOID model="8850-PXM1E" ostype="IOS" series="MGX 8800" sysoid=".1.3.6.1.4.1.9.1.435"/>
        <NCMDeviceSysOID model="8830-PXM1E" ostype="IOS" series="MGX 8800" sysoid=".1.3.6.1.4.1.9.1.458"/>
        <NCMDeviceSysOID model="ONS 15530" ostype="IOS" series="ONS 15500" sysoid=".1.3.6.1.4.1.9.1.460"/>
        <NCMDeviceSysOID model="ONS 15530NEBS" ostype="IOS" series="ONS 15500" sysoid=".1.3.6.1.4.1.9.1.461"/>
        <NCMDeviceSysOID model="ONS 15530ETSI" ostype="IOS" series="ONS 15500" sysoid=".1.3.6.1.4.1.9.1.462"/>
        <NCMDeviceSysOID model="ONS 15540" ostype="" series="ONS 15500" sysoid=".1.3.6.1.4.1.9.1.481"/>
        <NCMDeviceSysOID model="2950-24-LRE" ostype="IOS" series="Catalyst 2950 LRE" sysoid=".1.3.6.1.4.1.9.1.482"/>
        <NCMDeviceSysOID model="2950-8-LRE" ostype="IOS" series="Catalyst 2950 LRE" sysoid=".1.3.6.1.4.1.9.1.483"/>
        <NCMDeviceSysOID model="2950-24G-LRE" ostype="IOS" series="Catalyst 2950 LRE" sysoid=".1.3.6.1.4.1.9.1.484"/>
        <NCMDeviceSysOID model="ONS 15454" ostype="IOS" series="ONS 15400" sysoid=".1.3.6.1.4.1.9.1.493"/>
        <NCMDeviceSysOID model="ONS 15327" ostype="IOS" series="ONS 15300" sysoid=".1.3.6.1.4.1.9.1.494"/>
        <NCMDeviceSysOID model="WS-C6550-9" ostype="IOS" series="Catalyst 6500" sysoid=".1.3.6.1.4.1.9.1.510"/>
        <NCMDeviceSysOID model="3524-PWR-XL-En" ostype="IOS" series="Catalyst 3500" sysoid=".1.3.6.1.4.1.9.1.515"/>
        <NCMDeviceSysOID model="2950-LRE-997" ostype="IOS" series="Catalyst 2950 LRE" sysoid=".1.3.6.1.4.1.9.1.551"/>
        <NCMDeviceSysOID model="NAM" ostype="" series="" sysoid=".1.3.6.1.4.1.9.1.562"/>
        <NCMDeviceSysOID model="3750 Metro 24-DC" ostype="IOS" series="Metro 3750" sysoid=".1.3.6.1.4.1.9.1.574"/>
        <NCMDeviceSysOID model="IBM eServer Blade" ostype="" series="" sysoid=".1.3.6.1.4.1.9.1.592"/>
        <NCMDeviceSysOID model="8880" ostype="IOS" series="MGX 8800" sysoid=".1.3.6.1.4.1.9.1.598"/>
        <NCMDeviceSysOID model="BMGX-8830-Pxm-45" ostype="IOS" series="MGX 8800" sysoid=".1.3.6.1.4.1.9.1.606"/>
        <NCMDeviceSysOID model="BMGX-8830-Pxm-1E" ostype="IOS" series="MGX 8800" sysoid=".1.3.6.1.4.1.9.1.607"/>
        <NCMDeviceSysOID model="BMGX-8850-Pxm-45" ostype="IOS" series="MGX 8800" sysoid=".1.3.6.1.4.1.9.1.608"/>
        <NCMDeviceSysOID model="BMGX-8850-Pxm-1E" ostype="IOS" series="MGX 8800" sysoid=".1.3.6.1.4.1.9.1.609"/>
        <NCMDeviceSysOID model="WsSvcMWAM1" ostype="" series="" sysoid=".1.3.6.1.4.1.9.1.621"/>
        <NCMDeviceSysOID model="3750G-24TS-1U" ostype="IOS" series="Catalyst 3750" sysoid=".1.3.6.1.4.1.9.1.624"/>
        <NCMDeviceSysOID model="IGESM-SFP" ostype="" series="" sysoid=".1.3.6.1.4.1.9.1.660"/>
        <NCMDeviceSysOID model="3750G-12S-SD" ostype="IOS" series="Catalyst 3750" sysoid=".1.3.6.1.4.1.9.1.688"/>
        <NCMDeviceSysOID model="Catalyst 4550-6" ostype="IOS" series="Catalyst 4500" sysoid=".1.3.6.1.4.1.9.1.699"/>
        <NCMDeviceSysOID model="ME-6340-ACA" ostype="IOS" series="" sysoid=".1.3.6.1.4.1.9.1.713"/>
        <NCMDeviceSysOID model="ME-6340-DCA" ostype="IOS" series="" sysoid=".1.3.6.1.4.1.9.1.714"/>
        <NCMDeviceSysOID model="ME-6340-DCB" ostype="IOS" series="" sysoid=".1.3.6.1.4.1.9.1.715"/>
        <NCMDeviceSysOID model="IGESM-SFPT" ostype="" series="" sysoid=".1.3.6.1.4.1.9.1.718"/>
        <NCMDeviceSysOID model="6524GS-8S" ostype="IOS" series="ME 6500" sysoid=".1.3.6.1.4.1.9.1.719"/>
        <NCMDeviceSysOID model="6524TS-8S" ostype="IOS" series="ME 6500" sysoid=".1.3.6.1.4.1.9.1.720"/>
        <NCMDeviceSysOID model="Catalyst Express 500-24T" ostype="IOS" series="Catalyst Express 500" sysoid=".1.3.6.1.4.1.9.1.724"/>
        <NCMDeviceSysOID model="Catalyst Express 500-24LC" ostype="IOS" series="Catalyst Express 500" sysoid=".1.3.6.1.4.1.9.1.725"/>
        <NCMDeviceSysOID model="Catalyst Express 500-24PC" ostype="IOS" series="Catalyst Express 500" sysoid=".1.3.6.1.4.1.9.1.726"/>
        <NCMDeviceSysOID model="Catalyst Express 500-12TC" ostype="IOS" series="Catalyst Express 500" sysoid=".1.3.6.1.4.1.9.1.727"/>
        <NCMDeviceSysOID model="IGESM-T" ostype="" series="" sysoid=".1.3.6.1.4.1.9.1.728"/>
        <NCMDeviceSysOID model="2400-24TS-A" ostype="IOS" series="ME 2400" sysoid=".1.3.6.1.4.1.9.1.734"/>
        <NCMDeviceSysOID model="2400-24TS-D" ostype="IOS" series="ME 2400" sysoid=".1.3.6.1.4.1.9.1.735"/>
        <NCMDeviceSysOID model="3400-24TS-D" ostype="IOS" series="ME 3400" sysoid=".1.3.6.1.4.1.9.1.737"/>
        <NCMDeviceSysOID model="WS-C3750G-24PS" ostype="IOS" series="Catalyst 3750" sysoid=".1.3.6.1.4.1.9.1.747"/>
        <NCMDeviceSysOID model="Catalyst 3030" ostype="IOS" series="Catalyst 3000" sysoid=".1.3.6.1.4.1.9.1.749"/>
        <NCMDeviceSysOID model="ONS 15400" ostype="IOS" series="ONS 15400" sysoid=".1.3.6.1.4.1.9.1.772"/>
        <NCMDeviceSysOID model="3750G-24WS" ostype="IOS" series="Catalyst 3750" sysoid=".1.3.6.1.4.1.9.1.778"/>
        <NCMDeviceSysOID model="3750G-24WS-50" ostype="IOS" series="Catalyst 3750" sysoid=".1.3.6.1.4.1.9.1.779"/>
        <NCMDeviceSysOID model="3400G-12CS-A" ostype="IOS" series="ME 3400" sysoid=".1.3.6.1.4.1.9.1.780"/>
        <NCMDeviceSysOID model="3400G-12CS-D" ostype="IOS" series="Catalyst 3750" sysoid=".1.3.6.1.4.1.9.1.781"/>
        <NCMDeviceSysOID model="WS-CBS-3040-FSC" ostype="" series="Catalyst Blade Switch" sysoid=".1.3.6.1.4.1.9.1.784"/>
        <NCMDeviceSysOID model="3750-E24TD" ostype="IOS" series="Catalyst 3750" sysoid=".1.3.6.1.4.1.9.1.789"/>
        <NCMDeviceSysOID model="3750-E48TD" ostype="IOS" series="Catalyst 3750" sysoid=".1.3.6.1.4.1.9.1.790"/>
        <NCMDeviceSysOID model="3750-E48PD" ostype="IOS" series="Catalyst 3750" sysoid=".1.3.6.1.4.1.9.1.791"/>
        <NCMDeviceSysOID model="3750-E24PD" ostype="IOS" series="Catalyst 3750" sysoid=".1.3.6.1.4.1.9.1.792"/>
        <NCMDeviceSysOID model="3400G-2CS-A" ostype="IOS" series="ME 3400" sysoid=".1.3.6.1.4.1.9.1.825"/>
        <NCMDeviceSysOID model="3400-24FS-A" ostype="IOS" series="ME 3400" sysoid=".1.3.6.1.4.1.9.1.873"/>
        <NCMDeviceSysOID model="4503-E" ostype="IOS" series="Catalyst 4500" sysoid=".1.3.6.1.4.1.9.1.874"/>
        <NCMDeviceSysOID model="Catalyst Express 520-8PC" ostype="IOS" series="Catalyst Express 500" sysoid=".1.3.6.1.4.1.9.1.897"/>
        <NCMDeviceSysOID model="WS-CBS3110G-ST" ostype="IOS" series="Catalyst Switch Module 3110" sysoid=".1.3.6.1.4.1.9.1.910"/>
        <NCMDeviceSysOID model="WS-CBS3110X-S" ostype="IOS" series="Catalyst Switch Module 3110" sysoid=".1.3.6.1.4.1.9.1.912"/>
        <NCMDeviceSysOID model="3120G-S" ostype="IOS" series="Catalyst 3000" sysoid=".1.3.6.1.4.1.9.1.918"/>
        <NCMDeviceSysOID model="3120X-S" ostype="IOS" series="Catalyst 3000" sysoid=".1.3.6.1.4.1.9.1.919"/>
        <NCMDeviceSysOID model="WS-CBS3032-DEL" ostype="IOS" series="Catalyst Blade Switch 3032" sysoid=".1.3.6.1.4.1.9.1.920"/>
        <NCMDeviceSysOID model="3130G-S" ostype="IOS" series="Catalyst 3000" sysoid=".1.3.6.1.4.1.9.1.921"/>
        <NCMDeviceSysOID model="3130X-S" ostype="IOS" series="Catalyst 3000" sysoid=".1.3.6.1.4.1.9.1.922"/>
        <NCMDeviceSysOID model="2960-48TC-S" ostype="IOS" series="Catalyst 2960" sysoid=".1.3.6.1.4.1.9.1.927"/>
        <NCMDeviceSysOID model="2960-24TC-S" ostype="IOS" series="Catalyst 2960" sysoid=".1.3.6.1.4.1.9.1.928"/>
        <NCMDeviceSysOID model="Catalyst Express 520-24TT" ostype="IOS" series="Catalyst Express 500" sysoid=".1.3.6.1.4.1.9.1.932"/>
        <NCMDeviceSysOID model="Catalyst Express 520-24LC" ostype="IOS" series="Catalyst Express 500" sysoid=".1.3.6.1.4.1.9.1.933"/>
        <NCMDeviceSysOID model="Catalyst Express 520-24PC" ostype="IOS" series="Catalyst Express 500" sysoid=".1.3.6.1.4.1.9.1.934"/>
        <NCMDeviceSysOID model="Catalyst Express 520G-24TC" ostype="IOS" series="Catalyst Express 500" sysoid=".1.3.6.1.4.1.9.1.935"/>
        <NCMDeviceSysOID model="CBS3120" ostype="IOS" series="Catalyst Blade Switch" sysoid=".1.3.6.1.4.1.9.1.948"/>
        <NCMDeviceSysOID model="CBS3130" ostype="IOS" series="Catalyst Blade Switch" sysoid=".1.3.6.1.4.1.9.1.949"/>
        <NCMDeviceSysOID model="2960-24LT-L" ostype="IOS" series="Catalyst 2960" sysoid=".1.3.6.1.4.1.9.1.951"/>
        <NCMDeviceSysOID model="2960PD-8TT-L" ostype="IOS" series="Catalyst 2960" sysoid=".1.3.6.1.4.1.9.1.952"/>
        <NCMDeviceSysOID model="2918-24TT-C" ostype="IOS" series="Catalyst 2918" sysoid=".1.3.6.1.4.1.9.1.965"/>
        <NCMDeviceSysOID model="2918-24TC-C" ostype="IOS" series="Catalyst 2918" sysoid=".1.3.6.1.4.1.9.1.966"/>
        <NCMDeviceSysOID model="2918-48TT-C" ostype="IOS" series="Catalyst 2918" sysoid=".1.3.6.1.4.1.9.1.967"/>
        <NCMDeviceSysOID model="2918-48TC-C" ostype="IOS" series="Catalyst 2918" sysoid=".1.3.6.1.4.1.9.1.968"/>
        <NCMDeviceSysOID model="3012" ostype="IOS" series="Catalyst 3000" sysoid=".1.3.6.1.4.1.9.1.999"/>
        <NCMDeviceSysOID model="3125G" ostype="IOS" series="Catalyst 3000" sysoid=".1.3.6.1.4.1.9.1.1001"/>
        <NCMDeviceSysOID model="3125X" ostype="IOS" series="Catalyst 3000" sysoid=".1.3.6.1.4.1.9.1.1002"/>
        <NCMDeviceSysOID model="4928 10G" ostype="IOS" series="Catalyst 4900" sysoid=".1.3.6.1.4.1.9.1.1004"/>
        <NCMDeviceSysOID model="2960-48TT-S" ostype="IOS" series="Catalyst 2960" sysoid=".1.3.6.1.4.1.9.1.1005"/>
        <NCMDeviceSysOID model="2960-8TC-S" ostype="IOS" series="Catalyst 2960" sysoid=".1.3.6.1.4.1.9.1.1006"/>
        <NCMDeviceSysOID model="3400EG-2CS-A" ostype="IOS" series="ME 3400" sysoid=".1.3.6.1.4.1.9.1.1007"/>
        <NCMDeviceSysOID model="3400EG-12CS-M" ostype="IOS" series="ME 3400" sysoid=".1.3.6.1.4.1.9.1.1008"/>
        <NCMDeviceSysOID model="3400E-24TS-M" ostype="IOS" series="ME 3400" sysoid=".1.3.6.1.4.1.9.1.1009"/>
        <NCMDeviceSysOID model="3560-12PC-S" ostype="IOS" series="Catalyst 3560" sysoid=".1.3.6.1.4.1.9.1.1015"/>
        <NCMDeviceSysOID model="3560V2-24DC" ostype="IOS" series="Catalyst 3560" sysoid=".1.3.6.1.4.1.9.1.1019"/>
        <NCMDeviceSysOID model="3560V2-24TS" ostype="IOS" series="Catalyst 3560" sysoid=".1.3.6.1.4.1.9.1.1020"/>
        <NCMDeviceSysOID model="3750V2-24TS" ostype="IOS" series="Catalyst 3750" sysoid=".1.3.6.1.4.1.9.1.1022"/>
        <NCMDeviceSysOID model="3750V2-24PS" ostype="IOS" series="Catalyst 3750" sysoid=".1.3.6.1.4.1.9.1.1023"/>
        <NCMDeviceSysOID model="3750V2-48TS" ostype="IOS" series="Catalyst 3750" sysoid=".1.3.6.1.4.1.9.1.1024"/>
        <NCMDeviceSysOID model="3750V2-48TS" ostype="IOS" series="Catalyst 3750" sysoid=".1.3.6.1.4.1.9.1.1026"/>
        <NCMDeviceSysOID model="3750V2-48PS" ostype="IOS" series="Catalyst 3750" sysoid=".1.3.6.1.4.1.9.1.1027"/>
        <NCMDeviceSysOID model="Sm2k15Es1GePoe" ostype="" series="" sysoid=".1.3.6.1.4.1.9.1.1048"/>
        <NCMDeviceSysOID model="Sm3k15Es1GePoe" ostype="" series="" sysoid=".1.3.6.1.4.1.9.1.1049"/>
        <NCMDeviceSysOID model="Sm2k23Es1Ge" ostype="" series="" sysoid=".1.3.6.1.4.1.9.1.1051"/>
        <NCMDeviceSysOID model="Sm2k23Es1GePoe" ostype="" series="" sysoid=".1.3.6.1.4.1.9.1.1052"/>
        <NCMDeviceSysOID model="SmXd3k48Es2SFPPoe" ostype="" series="" sysoid=".1.3.6.1.4.1.9.1.1056"/>
        <NCMDeviceSysOID model="SmXd3k48Ge2SFPPoe" ostype="" series="" sysoid=".1.3.6.1.4.1.9.1.1057"/>
        <NCMDeviceSysOID model="Esw52024pK9" ostype="" series="" sysoid=".1.3.6.1.4.1.9.1.1058"/>
        <NCMDeviceSysOID model="Esw54024pK9" ostype="" series="" sysoid=".1.3.6.1.4.1.9.1.1059"/>
        <NCMDeviceSysOID model="Esw52048pK9" ostype="" series="" sysoid=".1.3.6.1.4.1.9.1.1060"/>
        <NCMDeviceSysOID model="Esw52024K9" ostype="" series="" sysoid=".1.3.6.1.4.1.9.1.1061"/>
        <NCMDeviceSysOID model="Esw54024K9" ostype="" series="" sysoid=".1.3.6.1.4.1.9.1.1062"/>
        <NCMDeviceSysOID model="Esw52048K9" ostype="" series="" sysoid=".1.3.6.1.4.1.9.1.1063"/>
        <NCMDeviceSysOID model="Esw54048K9" ostype="" series="" sysoid=".1.3.6.1.4.1.9.1.1064"/>
        <NCMDeviceSysOID model="2975" ostype="IOS" series="Catalyst 2975" sysoid=".1.3.6.1.4.1.9.1.1067"/>
        <NCMDeviceSysOID model="CBS3140" ostype="IOS" series="Catalyst Blade Switch" sysoid=".1.3.6.1.4.1.9.1.1093"/>
        <NCMDeviceSysOID model="CBS3150" ostype="IOS" series="Catalyst Blade Switch" sysoid=".1.3.6.1.4.1.9.1.1094"/>
        <NCMDeviceSysOID model="2350-48TD-S" ostype="IOS" series="Catalyst 2350" sysoid=".1.3.6.1.4.1.9.1.1104"/>
        <NCMDeviceSysOID model="SPS2004B" ostype="" series="" sysoid=".1.3.6.1.4.1.9.1.1130"/>
        <NCMDeviceSysOID model="SPS204B" ostype="" series="" sysoid=".1.3.6.1.4.1.9.1.1131"/>
        <NCMDeviceSysOID model="2960-24LC-S" ostype="IOS" series="Catalyst 2960" sysoid=".1.3.6.1.4.1.9.1.1146"/>
        <NCMDeviceSysOID model="2960-24PC-S" ostype="IOS" series="Catalyst 2960" sysoid=".1.3.6.1.4.1.9.1.1147"/>
        <NCMDeviceSysOID model="ESW-540-24P-K9" ostype="" series="ESW 500" sysoid=".1.3.6.1.4.1.9.1.1176"/>
        <NCMDeviceSysOID model="ESW-540-24P-K9" ostype="" series="ESW 500" sysoid=".1.3.6.1.4.1.9.1.1177"/>
        <NCMDeviceSysOID model="2960X-48TS-S" ostype="IOS" series="Catalyst 2960-X" sysoid=".1.3.6.1.4.1.9.1.1179"/>
        <NCMDeviceSysOID model="2960X-24TS-S" ostype="IOS" series="Catalyst 2960-X" sysoid=".1.3.6.1.4.1.9.1.1180"/>
        <NCMDeviceSysOID model="2960X-48FPD-L" ostype="IOS" series="Catalyst 2960-X" sysoid=".1.3.6.1.4.1.9.1.1181"/>
        <NCMDeviceSysOID model="2960X-48LPD-L" ostype="IOS" series="Catalyst 2960-X" sysoid=".1.3.6.1.4.1.9.1.1182"/>
        <NCMDeviceSysOID model="2960X-48LTD-L" ostype="IOS" series="Catalyst 2960-X" sysoid=".1.3.6.1.4.1.9.1.1183"/>
        <NCMDeviceSysOID model="2960X-24PD-L" ostype="IOS" series="Catalyst 2960-X" sysoid=".1.3.6.1.4.1.9.1.1184"/>
        <NCMDeviceSysOID model="2960X-24TD-L" ostype="IOS" series="Catalyst 2960-X" sysoid=".1.3.6.1.4.1.9.1.1185"/>
        <NCMDeviceSysOID model="2960X-48FPS-L" ostype="IOS" series="Catalyst 2960-X" sysoid=".1.3.6.1.4.1.9.1.1186"/>
        <NCMDeviceSysOID model="2960X-48LPS-L" ostype="IOS" series="Catalyst 2960-X" sysoid=".1.3.6.1.4.1.9.1.1187"/>
        <NCMDeviceSysOID model="2960X-24PS-L" ostype="IOS" series="Catalyst 2960-X" sysoid=".1.3.6.1.4.1.9.1.1188"/>
        <NCMDeviceSysOID model="2960X-48TS-L" ostype="IOS" series="Catalyst 2960-X" sysoid=".1.3.6.1.4.1.9.1.1189"/>
        <NCMDeviceSysOID model="2960X-24TS-L" ostype="IOS" series="Catalyst 2960-X" sysoid=".1.3.6.1.4.1.9.1.1190"/>
        <NCMDeviceSysOID model="Virtual Switch NAM" ostype="" series="" sysoid=".1.3.6.1.4.1.9.1.1214"/>
        <NCMDeviceSysOID model="3750X-24" ostype="IOS" series="Catalyst 3750-X" sysoid=".1.3.6.1.4.1.9.1.1222"/>
        <NCMDeviceSysOID model="3750X-48" ostype="IOS" series="Catalyst 3750-X" sysoid=".1.3.6.1.4.1.9.1.1223"/>
        <NCMDeviceSysOID model="3750X-24P" ostype="IOS" series="Catalyst 3750-X" sysoid=".1.3.6.1.4.1.9.1.1224"/>
        <NCMDeviceSysOID model="3750X-48P" ostype="IOS" series="Catalyst 3750-X" sysoid=".1.3.6.1.4.1.9.1.1225"/>
        <NCMDeviceSysOID model="3600X-24FS-M" ostype="IOS" series="ME 3600X" sysoid=".1.3.6.1.4.1.9.1.1250"/>
        <NCMDeviceSysOID model="3600X-24TS-M" ostype="IOS" series="ME 3600X" sysoid=".1.3.6.1.4.1.9.1.1251"/>
        <NCMDeviceSysOID model="3800X-24FS-M" ostype="IOS" series="ME 3800X" sysoid=".1.3.6.1.4.1.9.1.1252"/>
        <NCMDeviceSysOID model="PWR-CGR20xx-CGS25xx-POE-AC" ostype="IOS" series="" sysoid=".1.3.6.1.4.1.9.1.1254"/>
        <NCMDeviceSysOID model="PWR-CGR20xx-CGS25xx-POE-DC" ostype="IOS" series="" sysoid=".1.3.6.1.4.1.9.1.1255"/>
        <NCMDeviceSysOID model="2960S-48FPD-L" ostype="IOS" series="Catalyst 2960-S" sysoid=".1.3.6.1.4.1.9.1.1258"/>
        <NCMDeviceSysOID model="2960S-48LPD-L" ostype="IOS" series="Catalyst 2960-S" sysoid=".1.3.6.1.4.1.9.1.1259"/>
        <NCMDeviceSysOID model="WS-C2960S-48TD-L" ostype="IOS" series="Catalyst 2960-S" sysoid=".1.3.6.1.4.1.9.1.1260"/>
        <NCMDeviceSysOID model="WS-C2960S-24PD-L" ostype="IOS" series="Catalyst 2960-S" sysoid=".1.3.6.1.4.1.9.1.1261"/>
        <NCMDeviceSysOID model="WS-C2960S-24TD-L" ostype="IOS" series="Catalyst 2960-S" sysoid=".1.3.6.1.4.1.9.1.1262"/>
        <NCMDeviceSysOID model="WS-C2960S-48FPS-L" ostype="IOS" series="Catalyst 2960-S" sysoid=".1.3.6.1.4.1.9.1.1263"/>
        <NCMDeviceSysOID model="WS-C2960S-49LPS-L" ostype="IOS" series="Catalyst 2960-S" sysoid=".1.3.6.1.4.1.9.1.1264"/>
        <NCMDeviceSysOID model="WS-C2960S-24PS-L" ostype="IOS" series="Catalyst 2960-S" sysoid=".1.3.6.1.4.1.9.1.1265"/>
        <NCMDeviceSysOID model="WS-C2960S-48TS-L" ostype="IOS" series="Catalyst 2960-S" sysoid=".1.3.6.1.4.1.9.1.1266"/>
        <NCMDeviceSysOID model="WS-C2960S-24TS-L" ostype="IOS" series="Catalyst 2960-S" sysoid=".1.3.6.1.4.1.9.1.1267"/>
        <NCMDeviceSysOID model="WS-C2360-48TD-S" ostype="NA" series="Cisco Catalyst 2360" sysoid=".1.3.6.1.4.1.9.1.1292"/>
        <NCMDeviceSysOID model="2960CG-8TC-L" ostype="IOS" series="Catalyst 2960-C" sysoid=".1.3.6.1.4.1.9.1.1316"/>
        <NCMDeviceSysOID model="4948E-F-10GE" ostype="IOS" series="Catalyst 4900" sysoid=".1.3.6.1.4.1.9.1.1327"/>
        <NCMDeviceSysOID model="WS-C2960C-8TC-S" ostype="NA" series="Catalyst 2960-C" sysoid=".1.3.6.1.4.1.9.1.1364"/>
        <NCMDeviceSysOID model="WS-C2960C-8TC-L" ostype="NA" series="Cisco Catalyst 2960-C" sysoid=".1.3.6.1.4.1.9.1.1365"/>
        <NCMDeviceSysOID model="WS-C2960C-12PC-L" ostype="NA" series="Cisco Catalyst 2960-C" sysoid=".1.3.6.1.4.1.9.1.1367"/>
        <NCMDeviceSysOID model="WS-C3560CPD-8PT-S" ostype="NA" series="Catalyst 3560-C" sysoid=".1.3.6.1.4.1.9.1.1368"/>
        <NCMDeviceSysOID model="3750X-24S-S" ostype="NA" series="Catalyst 3750" sysoid=".1.3.6.1.4.1.9.1.1404"/>
        <NCMDeviceSysOID model="WS-C3750X-12S" ostype="NA" series="Catalyst 3750" sysoid=".1.3.6.1.4.1.9.1.1405"/>
        <NCMDeviceSysOID model="WS-C3560C-12PC-S" ostype="NA" series="Catalyst 3560-C" sysoid=".1.3.6.1.4.1.9.1.1465"/>
        <NCMDeviceSysOID model="WS-C3560C-8PC-S" ostype="NA" series="Catalyst 3560-C" sysoid=".1.3.6.1.4.1.9.1.1466"/>
        <NCMDeviceSysOID model="WS-C4500X-32" ostype="NA" series="Catalyst 4500-X" sysoid=".1.3.6.1.4.1.9.1.1606"/>
        <NCMDeviceSysOID model="3850 24P" ostype="IOS_XE" series="Catalyst 3850" sysoid=".1.3.6.1.4.1.9.1.1642"/>
        <NCMDeviceSysOID model="3850-48T" ostype="IOS_XE" series="Catalyst 3850" sysoid=".1.3.6.1.4.1.9.1.1643"/>
        <NCMDeviceSysOID model="WS-C2960X-48FPD-L" ostype="IOS" series="Catalyst 2960-X" sysoid=".1.3.6.1.4.1.9.1.1690"/>
        <NCMDeviceSysOID model="WS-C2960X-48LPD-L" ostype="IOS" series="Catalyst 2960-X" sysoid=".1.3.6.1.4.1.9.1.1691"/>
        <NCMDeviceSysOID model="WS-C2960X-48TD-L" ostype="IOS" series="Catalyst 2960-X" sysoid=".1.3.6.1.4.1.9.1.1692"/>
        <NCMDeviceSysOID model="WS-C2960X-24PD-L" ostype="IOS" series="Catalyst 2960-X" sysoid=".1.3.6.1.4.1.9.1.1693"/>
        <NCMDeviceSysOID model="WS-C2960X-24TD-L" ostype="IOS" series="Catalyst 2960-X" sysoid=".1.3.6.1.4.1.9.1.1694"/>
        <NCMDeviceSysOID model="WS-C2960X-48FPS-L" ostype="IOS" series="Catalyst 2960-X" sysoid=".1.3.6.1.4.1.9.1.1695"/>
        <NCMDeviceSysOID model="WS-C2960X-48LPS-L" ostype="IOS" series="Catalyst 2960-X" sysoid=".1.3.6.1.4.1.9.1.1696"/>
        <NCMDeviceSysOID model="WS-C2960X-24PS-L" ostype="IOS" series="Catalyst 2960-X" sysoid=".1.3.6.1.4.1.9.1.1697"/>
        <NCMDeviceSysOID model="WS-C2960X-48TS-L" ostype="IOS" series="Catalyst 2960-X" sysoid=".1.3.6.1.4.1.9.1.1698"/>
        <NCMDeviceSysOID model="WS-C2960X-24TS-L" ostype="IOS" series="Catalyst 2960-X" sysoid=".1.3.6.1.4.1.9.1.1699"/>
        <NCMDeviceSysOID model="WS-C2960X-48LPS-S" ostype="IOS" series="Catalyst 2960-X" sysoid=".1.3.6.1.4.1.9.1.1701"/>
        <NCMDeviceSysOID model="WS-C2960X-24PS-S" ostype="IOS" series="Catalyst 2960-X" sysoid=".1.3.6.1.4.1.9.1.1702"/>
        <NCMDeviceSysOID model="WS-C2960X-48TSL-L" ostype="IOS" series="Catalyst 2960-X" sysoid=".1.3.6.1.4.1.9.1.1703"/>
        <NCMDeviceSysOID model="WS-C2960+24-LCL" ostype="IOS" series="Catalyst 2960-Plus" sysoid=".1.3.6.1.4.1.9.1.1750"/>
        <NCMDeviceSysOID model="WS-C2960+48-TCL" ostype="IOS" series="Catalyst 2960-Plus" sysoid=".1.3.6.1.4.1.9.1.1751"/>
        <NCMDeviceSysOID model="WS-C2960+24-TCL" ostype="IOS" series="Catalyst 2960-Plus" sysoid=".1.3.6.1.4.1.9.1.1752"/>
        <NCMDeviceSysOID model="WS-C2960+48PST-S" ostype="IOS" series="Catalyst 2960-Plus" sysoid=".1.3.6.1.4.1.9.1.1753"/>
        <NCMDeviceSysOID model="WS-C2960+24PC-S" ostype="IOS" series="Catalyst 2960-Plus" sysoid=".1.3.6.1.4.1.9.1.1754"/>
        <NCMDeviceSysOID model="WS-C2960+24LC-S" ostype="IOS" series="Catalyst 2960-Plus" sysoid=".1.3.6.1.4.1.9.1.1755"/>
        <NCMDeviceSysOID model="WS-C2960+48TC-S" ostype="IOS" series="Catalyst 2960-Plus" sysoid=".1.3.6.1.4.1.9.1.1756"/>
        <NCMDeviceSysOID model="Catalyst 6807-XL" ostype="NA" series="Catalyst 6800" sysoid=".1.3.6.1.4.1.9.1.1765"/>
        <NCMDeviceSysOID model="WS-C3850-24U" ostype="NA" series="Catalyst 3850" sysoid=".1.3.6.1.4.1.9.1.1767"/>
        <NCMDeviceSysOID model="WS-C3850-48U" ostype="NA" series="Catalyst 3850" sysoid=".1.3.6.1.4.1.9.1.1768"/>
        <NCMDeviceSysOID model="Catalyst 6880-X" ostype="NA" series="Catalyst 6800" sysoid=".1.3.6.1.4.1.9.1.1784"/>
        <NCMDeviceSysOID model="WS-C2960XR-48TS-I" ostype="IOS" series="Catalyst 2960x" sysoid=".1.3.6.1.4.1.9.1.1804"/>
        <NCMDeviceSysOID model="WS-C3650-48TS-E" ostype="NA" series="Catalyst 3650" sysoid=".1.3.6.1.4.1.9.1.1824"/>
        <NCMDeviceSysOID model="WS-C3650-48PS-E" ostype="NA" series="Catalyst 3650" sysoid=".1.3.6.1.4.1.9.1.1826"/>
        <NCMDeviceSysOID model="WS-C3650-24TD-E" ostype="NA" series="Catalyst 3650" sysoid=".1.3.6.1.4.1.9.1.1827"/>
        <NCMDeviceSysOID model="WS-C3650-48TD-E" ostype="NA" series="Catalyst 3650" sysoid=".1.3.6.1.4.1.9.1.1828"/>
        <NCMDeviceSysOID model="WS-C3650-24PD-E" ostype="NA" series="Catalyst 3650" sysoid=".1.3.6.1.4.1.9.1.1829"/>
        <NCMDeviceSysOID model="WS-C3850-24S" ostype="NA" series="Catalyst 3850" sysoid=".1.3.6.1.4.1.9.1.1879"/>
        <NCMDeviceSysOID model="WS-C3850-12S" ostype="NA" series="Catalyst 3850" sysoid=".1.3.6.1.4.1.9.1.1880"/>
        <NCMDeviceSysOID model="WS-C3650-48PQ-E" ostype="NA" series="Catalyst 3650" sysoid=".1.3.6.1.4.1.9.1.1881"/>
        <NCMDeviceSysOID model="WS-C3650-48TQ-E" ostype="NA" series="Catalyst 3650" sysoid=".1.3.6.1.4.1.9.1.1882"/>
        <NCMDeviceSysOID model="Catalyst 6880-X" ostype="NA" series="Catalyst 6800" sysoid=".1.3.6.1.4.1.9.1.1936"/>
        <NCMDeviceSysOID model="3560CX-12PD-S" ostype="NA" series="Catalyst 3560-CX" sysoid=".1.3.6.1.4.1.9.1.2132"/>
        <NCMDeviceSysOID model="3560CX-8TC-S" ostype="NA" series="Catalyst 3560CX" sysoid=".1.3.6.1.4.1.9.1.2135"/>
        <NCMDeviceSysOID model="3560CX-8PC-S" ostype="NA" series="Catalyst 3560CX" sysoid=".1.3.6.1.4.1.9.1.2136"/>
        <NCMDeviceSysOID model="WS-C3850-12XS" ostype="NA" series="Catalyst 3850" sysoid=".1.3.6.1.4.1.9.1.2162"/>
        <NCMDeviceSysOID model="WS-C3850-24XS" ostype="NA" series="Catalyst 3850" sysoid=".1.3.6.1.4.1.9.1.2163"/>
        <NCMDeviceSysOID model="WS-C3850-48XS" ostype="NA" series="Catalyst 3850" sysoid=".1.3.6.1.4.1.9.1.2164"/>
        <NCMDeviceSysOID model="WS-C3850-12X-48U" ostype="NA" series="Catalyst 3850" sysoid=".1.3.6.1.4.1.9.1.2165"/>
        <NCMDeviceSysOID model="WS-C3850-24XU" ostype="NA" series="Catalyst 3850" sysoid=".1.3.6.1.4.1.9.1.2166"/>
        <NCMDeviceSysOID model="C6832-X-LE" ostype="NA" series="Catalyst 6800" sysoid=".1.3.6.1.4.1.9.1.2274"/>
        <NCMDeviceSysOID model="C9500-12Q" ostype="IOS_XE" series="Catalyst 9500" sysoid=".1.3.6.1.4.1.9.1.2418"/>
        <NCMDeviceSysOID model="C9500-24Q" ostype="IOS_XE" series="Catalyst 9500" sysoid=".1.3.6.1.4.1.9.1.2419"/>
        <NCMDeviceSysOID model="C9500-40X" ostype="IOS_XE" series="Catalyst 9500" sysoid=".1.3.6.1.4.1.9.1.2420"/>
        <NCMDeviceSysOID model="C9300-24T" ostype="IOS_XE" series="Catalyst 9300" sysoid=".1.3.6.1.4.1.9.1.2435"/>
        <NCMDeviceSysOID model="C9300-24P" ostype="IOS_XE" series="Catalyst 9300" sysoid=".1.3.6.1.4.1.9.1.2436"/>
        <NCMDeviceSysOID model="C9300-24U" ostype="IOS_XE" series="Catalyst 9300" sysoid=".1.3.6.1.4.1.9.1.2437"/>
        <NCMDeviceSysOID model="C9300-24X" ostype="IOS_XE" series="Catalyst 9300" sysoid=".1.3.6.1.4.1.9.1.2438"/>
        <NCMDeviceSysOID model="C9300-48T" ostype="IOS_XE" series="Catalyst 9300" sysoid=".1.3.6.1.4.1.9.1.2439"/>
        <NCMDeviceSysOID model="C9300-48P" ostype="IOS_XE" series="Catalyst 9300" sysoid=".1.3.6.1.4.1.9.1.2440"/>
        <NCMDeviceSysOID model="C9300-48U" ostype="IOS_XE" series="Catalyst 9300" sysoid=".1.3.6.1.4.1.9.1.2441"/>
        <NCMDeviceSysOID model="C9300-48U-XM" ostype="IOS_XE" series="Catalyst 9300" sysoid=".1.3.6.1.4.1.9.1.2442"/>
        <NCMDeviceSysOID model="C9300-24P,C9300-24T,C9300-24U" ostype="IOS" series="Catalyst 9300" sysoid=".1.3.6.1.4.1.9.1.2494"/>
        <NCMDeviceSysOID model="WS-C2960L-24TQ-LL" ostype="IOS" series="Catalyst 2960-L" sysoid=".1.3.6.1.4.1.9.1.2495"/>
        <NCMDeviceSysOID model="WS-C2960L-48TQ-LL" ostype="IOS" series="Catalyst 2960-L" sysoid=".1.3.6.1.4.1.9.1.2496"/>
        <NCMDeviceSysOID model="WS-C2960L-24PQ-LL" ostype="IOS" series="Catalyst 2960-L" sysoid=".1.3.6.1.4.1.9.1.2497"/>
        <NCMDeviceSysOID model="WS-C2960L-48PQ-LL" ostype="IOS" series="Catalyst 2960-L" sysoid=".1.3.6.1.4.1.9.1.2498"/>
        <NCMDeviceSysOID model="C9404R" ostype="IOS_XE" series="Catalyst 9400" sysoid=".1.3.6.1.4.1.9.1.2499"/>
        <NCMDeviceSysOID model="C9407R" ostype="IOS_XE" series="Catalyst 9400" sysoid=".1.3.6.1.4.1.9.1.2500"/>
        <NCMDeviceSysOID model="C9410R" ostype="IOS_XE" series="Catalyst 9400" sysoid=".1.3.6.1.4.1.9.1.2501"/>
        <NCMDeviceSysOID model="C9500-12Q,C9500-24Q" ostype="IOS_XE" series="Catalyst 9500" sysoid=".1.3.6.1.4.1.9.1.2593"/>
        <NCMDeviceSysOID model="" ostype="" series="" sysoid=".1.3.6.1.4.1.9.5.1.3.1.1.1.2.229"/>
        <NCMDeviceSysOID model="Adapter Card" ostype="" series="" sysoid=".1.3.6.1.4.1.9.5.2"/>
        <NCMDeviceSysOID model="1200" ostype="IOS" series="Catalyst 1200" sysoid=".1.3.6.1.4.1.9.5.5"/>
        <NCMDeviceSysOID model="5000" ostype="IOS" series="Catalyst 5000" sysoid=".1.3.6.1.4.1.9.5.7"/>
        <NCMDeviceSysOID model="1600" ostype="IOS" series="Catalyst 1600" sysoid=".1.3.6.1.4.1.9.5.8"/>
        <NCMDeviceSysOID model="1600" ostype="IOS" series="Catalyst 1600" sysoid=".1.3.6.1.4.1.9.5.9"/>
        <NCMDeviceSysOID model="3000" ostype="IOS" series="Catalyst 3000" sysoid=".1.3.6.1.4.1.9.5.10"/>
        <NCMDeviceSysOID model="cpw 2200" ostype="IOS" series="Cisco Pro" sysoid=".1.3.6.1.4.1.9.5.13"/>
        <NCMDeviceSysOID model="esstack" ostype="" series="" sysoid=".1.3.6.1.4.1.9.5.14"/>
        <NCMDeviceSysOID model="3200" ostype="IOS" series="Catalyst 3000" sysoid=".1.3.6.1.4.1.9.5.15"/>
        <NCMDeviceSysOID model="5500" ostype="IOS" series="Catalyst 5500" sysoid=".1.3.6.1.4.1.9.5.17"/>
        <NCMDeviceSysOID model="cpw 1220" ostype="IOS" series="" sysoid=".1.3.6.1.4.1.9.5.19"/>
        <NCMDeviceSysOID model="2820" ostype="IOS" series="Catalyst 2800" sysoid=".1.3.6.1.4.1.9.5.20"/>
        <NCMDeviceSysOID model="3100" ostype="IOS" series="Catalyst 3000" sysoid=".1.3.6.1.4.1.9.5.23"/>
        <NCMDeviceSysOID model="cpw1800" ostype="IOS" series="Cisco Pro" sysoid=".1.3.6.1.4.1.9.5.24"/>
        <NCMDeviceSysOID model="cpw1601" ostype="IOS" series="Cisco Pro" sysoid=".1.3.6.1.4.1.9.5.25"/>
        <NCMDeviceSysOID model="wsc3001" ostype="" series="" sysoid=".1.3.6.1.4.1.9.5.26"/>
        <NCMDeviceSysOID model="cpw1220c" ostype="" series="" sysoid=".1.3.6.1.4.1.9.5.27"/>
        <NCMDeviceSysOID model="5002" ostype="IOS" series="Catalyst 5000" sysoid=".1.3.6.1.4.1.9.5.29"/>
        <NCMDeviceSysOID model="tsstack" ostype="" series="" sysoid=".1.3.6.1.4.1.9.5.32"/>
        <NCMDeviceSysOID model="3900" ostype="IOS" series="Catalyst 3900" sysoid=".1.3.6.1.4.1.9.5.33"/>
        <NCMDeviceSysOID model="5505" ostype="IOS" series="Catalyst 5500" sysoid=".1.3.6.1.4.1.9.5.34"/>
        <NCMDeviceSysOID model="2926" ostype="IOS" series="Catalyst 2900" sysoid=".1.3.6.1.4.1.9.5.35"/>
        <NCMDeviceSysOID model="3920" ostype="IOS" series="Catalyst 3900" sysoid=".1.3.6.1.4.1.9.5.37"/>
        <NCMDeviceSysOID model="6006" ostype="IOS" series="Catalyst 6000" sysoid=".1.3.6.1.4.1.9.5.38"/>
        <NCMDeviceSysOID model="6009" ostype="IOS" series="Catalyst 6000" sysoid=".1.3.6.1.4.1.9.5.39"/>
        <NCMDeviceSysOID model="7603" ostype="IOS" series="7600" sysoid=".1.3.6.1.4.1.9.5.53"/>
        <NCMDeviceSysOID model="7606" ostype="IOS" series="7600" sysoid=".1.3.6.1.4.1.9.5.54"/>
        <NCMDeviceSysOID model="7609" ostype="IOS" series="7600" sysoid=".1.3.6.1.4.1.9.5.55"/>
        <NCMDeviceSysOID model="7613" ostype="IOS" series="7600" sysoid=".1.3.6.1.4.1.9.5.60"/>
        <NCMDeviceSysOID model="" ostype="" series="" sysoid=".1.3.6.1.4.1.9.6.1.88.50.1"/>
        <NCMDeviceSysOID model="UCS 6296UP" ostype="NA" series="UCS 6200" sysoid=".1.3.6.1.4.1.9.12.3.1.3.1063"/>
        <NCMDeviceSysOID model="cat6506" ostype="IOS" series="Catalyst 6500" sysoid=".1.3.6.1.4.1.9.12.282"/>
        <NCMDeviceSysOID model="cat6509" ostype="IOS" series="Catalyst 6500" sysoid=".1.3.6.1.4.1.9.12.283"/>
        <NCMDeviceSysOID model="6kMsfc2" ostype="IOS" series="Catalyst 6000" sysoid=".1.3.6.1.4.1.9.12.301"/>
        <NCMDeviceSysOID model="WSC6513" ostype="IOS" series="Catalyst 6500" sysoid=".1.3.6.1.4.1.9.12.400"/>
        <NCMDeviceSysOID model="37xxStack" ostype="IOS" series="Catalyst 3750" sysoid=".1.3.6.1.4.1.9.12.516"/>
        <NCMDeviceSysOID model="6500-SUP20" ostype="IOS" series="Catalyst 6500" sysoid=".1.3.6.1.4.1.9.12.557"/>
        <NCMDeviceSysOID model="" ostype="" series="" sysoid=".1.3.6.1.4.1.9.12.896"/>
        <NCMDeviceSysOID model="" ostype="" series="" sysoid=".1.3.6.1.4.1.9.12.1732"/>
        <NCMDeviceSysOID model="2015" ostype="" series="" sysoid=".1.3.6.1.4.1.197.2.2"/>
        <NCMDeviceSysOID model="3000" ostype="" series="Catalyst 3000" sysoid=".1.3.6.1.4.1.197.2.5"/>
        <NCMDeviceSysOID model="" ostype="" series="" sysoid=".1.3.6.1.4.1.351.1"/>
        <NCMDeviceSysOID model="" ostype="" series="" sysoid=".1.3.6.1.4.1.351.13"/>
        <NCMDeviceSysOID model="Cisco BPX-Switch" ostype="" series="" sysoid=".1.3.6.1.4.1.351.100"/>
        <NCMDeviceSysOID model="" ostype="" series="" sysoid=".1.3.6.1.4.1.351.110"/>
        <NCMDeviceSysOID model="" ostype="" series="" sysoid=".1.3.6.1.4.1.351.130"/>
        <NCMDeviceSysOID model="1700" ostype="" series="Catalyst 1700" sysoid=".1.3.6.1.4.1.437.1.1.1"/>
        <NCMDeviceSysOID model="2100" ostype="" series="Catalyst 2100" sysoid=".1.3.6.1.4.1.437.1.1.3.1.0"/>
        <NCMDeviceSysOID model="2800" ostype="" series="Catalyst 2800" sysoid=".1.3.6.1.4.1.437.1.1.3.2.0"/>
        <NCMDeviceSysOID model="1700" ostype="" series="Catalyst 1700" sysoid=".1.3.6.1.4.1.437.1.1.3.3.1"/>
        <NCMDeviceSysOID model="" ostype="" series="" sysoid=".1.3.6.1.4.1.437.1.1.3.3.3"/>
        <NCMDeviceSysOID model="1200" ostype="" series="" sysoid=".1.3.6.1.4.1.437.1.1.3.4"/>
        <NCMDeviceSysOID model="9135" ostype="" series="" sysoid=".1.3.6.1.4.1.919.1.3.1"/>
        <NCMDeviceSysOID model="" ostype="" series="" sysoid=".1.3.6.1.4.1.1869.11.11.5.1"/>
        <NCMDeviceSysOID model="" ostype="" series="" sysoid=".1.3.6.1.4.1.1869.11.11.5.3"/>
        <NCMDeviceSysOID model="CS100" ostype="" series="" sysoid=".1.3.6.1.4.1.2467.4.1"/>
        <NCMDeviceSysOID model="CS800" ostype="" series="" sysoid=".1.3.6.1.4.1.2467.4.2"/>
        <NCMDeviceSysOID model="CS150" ostype="" series="" sysoid=".1.3.6.1.4.1.2467.4.3"/>
        <NCMDeviceSysOID model="CS50" ostype="" series="" sysoid=".1.3.6.1.4.1.2467.4.4"/>
        <NCMDeviceSysOID model="" ostype="" series="" sysoid=".1.3.6.1.4.1.3607.1.20.10.10"/>
        <NCMDeviceSysOID model="ONS15454-M6" ostype="NA" series="ONS15454" sysoid=".1.3.6.1.4.1.3607.1.20.10.70"/>
        <NCMDeviceSysOID model="BladeCenterH" ostype="" series="" sysoid=".1.3.6.1.4.1.6203.15"/>
        <NCMDeviceSysOID model="SFS 3504" ostype="" series="" sysoid=".1.3.6.1.4.1.6203.16"/>
        <NCMDeviceSysOID model="SFS 7000" ostype="" series="SFS 7000" sysoid=".1.3.6.1.4.1.6203.17"/>
        <NCMDeviceSysOID model="SFS 7008" ostype="" series="SFS 7000" sysoid=".1.3.6.1.4.1.6203.18"/>
        <NCMDeviceSysOID model="C170, C370, C670, C680, M680, M690" ostype="NA" series="C170, C370, C670, C680, M680, M690" sysoid=".1.3.6.1.4.1.15497.1.1"/>
        <NCMDeviceSysOID model="4500" ostype="IOS" series="Catalyst 4500" sysoid=".1.3.6.1.4.1.9.1.14"/>
        <NCMDeviceSysOID model="2916M-XL" ostype="IOS" series="Catalyst 2900 XL" sysoid=".1.3.6.1.4.1.9.1.171"/>
        <NCMDeviceSysOID model="2924-XL" ostype="IOS" series="Catalyst 2900 XL" sysoid=".1.3.6.1.4.1.9.1.183"/>
        <NCMDeviceSysOID model="2924C-XL" ostype="IOS" series="Catalyst 2900 XL" sysoid=".1.3.6.1.4.1.9.1.184"/>
        <NCMDeviceSysOID model="2924-XLV" ostype="IOS" series="Catalyst 2900 XL" sysoid=".1.3.6.1.4.1.9.1.217"/>
        <NCMDeviceSysOID model="2924C-XL" ostype="IOS" series="Catalyst 2900 XL" sysoid=".1.3.6.1.4.1.9.1.218"/>
        <NCMDeviceSysOID model="2912XL" ostype="IOS" series="Catalyst 2900 XL" sysoid=".1.3.6.1.4.1.9.1.219"/>
        <NCMDeviceSysOID model="2924M-XL" ostype="IOS" series="Catalyst 2900 XL" sysoid=".1.3.6.1.4.1.9.1.220"/>
        <NCMDeviceSysOID model="2912MF-XL" ostype="IOS" series="Catalyst 2900 XL" sysoid=".1.3.6.1.4.1.9.1.221"/>
        <NCMDeviceSysOID model="3508G-XL" ostype="IOS" series="Catalyst 3500 XL" sysoid=".1.3.6.1.4.1.9.1.246"/>
        <NCMDeviceSysOID model="3512-XL" ostype="IOS" series="Catalyst 3500 XL" sysoid=".1.3.6.1.4.1.9.1.247"/>
        <NCMDeviceSysOID model="3524-XL" ostype="IOS" series="Catalyst 3500 XL" sysoid=".1.3.6.1.4.1.9.1.248"/>
        <NCMDeviceSysOID model="2948G_L3" ostype="IOS" series="Catalyst 2900" sysoid=".1.3.6.1.4.1.9.1.275"/>
        <NCMDeviceSysOID model="3548-XL" ostype="IOS" series="Catalyst 3500 XL" sysoid=".1.3.6.1.4.1.9.1.278"/>
        <NCMDeviceSysOID model="6506" ostype="IOS" series="Catalyst 6500" sysoid=".1.3.6.1.4.1.9.1.282"/>
        <NCMDeviceSysOID model="6509" ostype="IOS" series="Catalyst 6500" sysoid=".1.3.6.1.4.1.9.1.283"/>
        <NCMDeviceSysOID model="3524_PWR_XL " ostype="IOS" series="Catalyst 3500 XL" sysoid=".1.3.6.1.4.1.9.1.287"/>
        <NCMDeviceSysOID model="4908G" ostype="IOS" series="Catalyst 4900" sysoid=".1.3.6.1.4.1.9.1.298"/>
        <NCMDeviceSysOID model="cat4840gL3" ostype="IOS" series="Catalyst 4000" sysoid=".1.3.6.1.4.1.9.1.312"/>
        <NCMDeviceSysOID model="2950-12" ostype="IOS" series="Catalyst 2950" sysoid=".1.3.6.1.4.1.9.1.323"/>
        <NCMDeviceSysOID model="2950-24" ostype="IOS" series="Catalyst 2950" sysoid=".1.3.6.1.4.1.9.1.324"/>
        <NCMDeviceSysOID model="2950C-24" ostype="IOS" series="Catalyst 2950" sysoid=".1.3.6.1.4.1.9.1.325"/>
        <NCMDeviceSysOID model="2950T-24" ostype="IOS" series="Catalyst 2950" sysoid=".1.3.6.1.4.1.9.1.359"/>
        <NCMDeviceSysOID model="3550-24" ostype="IOS" series="Catalyst 3550" sysoid=".1.3.6.1.4.1.9.1.366"/>
        <NCMDeviceSysOID model="3550-48" ostype="IOS" series="Catalyst 3550" sysoid=".1.3.6.1.4.1.9.1.367"/>
        <NCMDeviceSysOID model="3550-12T" ostype="IOS" series="Catalyst 3550" sysoid=".1.3.6.1.4.1.9.1.368"/>
        <NCMDeviceSysOID model="2912-LRE-XL" ostype="IOS" series="Catalyst 2900 XL" sysoid=".1.3.6.1.4.1.9.1.370"/>
        <NCMDeviceSysOID model="4908G" ostype="IOS" series="Catalyst 4900" sysoid=".1.3.6.1.4.1.9.1.387"/>
        <NCMDeviceSysOID model="4224" ostype="IOS" series="Catalyst 4000" sysoid=".1.3.6.1.4.1.9.1.399"/>
        <NCMDeviceSysOID model="6513" ostype="IOS" series="Catalyst 6500" sysoid=".1.3.6.1.4.1.9.1.400"/>
        <NCMDeviceSysOID model="2950G_12_EI" ostype="IOS" series="Catalyst 2950" sysoid=".1.3.6.1.4.1.9.1.427"/>
        <NCMDeviceSysOID model="2950G_24_EI" ostype="IOS" series="Catalyst 2950" sysoid=".1.3.6.1.4.1.9.1.428"/>
        <NCMDeviceSysOID model="2950G_48_EI" ostype="IOS" series="Catalyst 2950" sysoid=".1.3.6.1.4.1.9.1.429"/>
        <NCMDeviceSysOID model="2950S-24" ostype="IOS" series="Catalyst 2950" sysoid=".1.3.6.1.4.1.9.1.430"/>
        <NCMDeviceSysOID model="3550_12G" ostype="IOS" series="Catalyst 3550" sysoid=".1.3.6.1.4.1.9.1.431"/>
        <NCMDeviceSysOID model="4006" ostype="IOS" series="Catalyst 4000" sysoid=".1.3.6.1.4.1.9.1.448"/>
        <NCMDeviceSysOID model="6503" ostype="IOS" series="Catalyst 6500" sysoid=".1.3.6.1.4.1.9.1.449"/>
        <NCMDeviceSysOID model="3550_24_DC" ostype="IOS" series="Catalyst 3550" sysoid=".1.3.6.1.4.1.9.1.452"/>
        <NCMDeviceSysOID model="3550_24_FX" ostype="IOS" series="Catalyst 3550" sysoid=".1.3.6.1.4.1.9.1.453"/>
        <NCMDeviceSysOID model="2950G_24_EI" ostype="IOS" series="Catalyst 2950" sysoid=".1.3.6.1.4.1.9.1.472"/>
        <NCMDeviceSysOID model="2950SX_24" ostype="IOS" series="Catalyst 2950" sysoid=".1.3.6.1.4.1.9.1.480"/>
        <NCMDeviceSysOID model="3550_24PWR" ostype="IOS" series="Catalyst 3550" sysoid=".1.3.6.1.4.1.9.1.485"/>
        <NCMDeviceSysOID model="2955T_12" ostype="IOS" series="Catalyst 2950" sysoid=".1.3.6.1.4.1.9.1.488"/>
        <NCMDeviceSysOID model="2955C_12" ostype="IOS" series="Catalyst 2950" sysoid=".1.3.6.1.4.1.9.1.489"/>
        <NCMDeviceSysOID model="4507R" ostype="IOS" series="Catalyst 4500" sysoid=".1.3.6.1.4.1.9.1.501"/>
        <NCMDeviceSysOID model="4506" ostype="IOS" series="Catalyst 4500" sysoid=".1.3.6.1.4.1.9.1.502"/>
        <NCMDeviceSysOID model="4503" ostype="IOS" series="Catalyst 4500" sysoid=".1.3.6.1.4.1.9.1.503"/>
        <NCMDeviceSysOID model="2955S_12" ostype="IOS" series="Catalyst 2950" sysoid=".1.3.6.1.4.1.9.1.508"/>
        <NCMDeviceSysOID model="3750-24" ostype="IOS" series="Catalyst 3750" sysoid=".1.3.6.1.4.1.9.1.511"/>
        <NCMDeviceSysOID model="3750-48" ostype="IOS" series="Catalyst 3750" sysoid=".1.3.6.1.4.1.9.1.512"/>
        <NCMDeviceSysOID model="3750_24TS" ostype="IOS" series="Catalyst 3750" sysoid=".1.3.6.1.4.1.9.1.513"/>
        <NCMDeviceSysOID model="3750-24T" ostype="IOS" series="Catalyst 3750" sysoid=".1.3.6.1.4.1.9.1.514"/>
        <NCMDeviceSysOID model="3750_Stack" ostype="IOS" series="Catalyst 3750" sysoid=".1.3.6.1.4.1.9.1.516"/>
        <NCMDeviceSysOID model="2970G_24T" ostype="IOS" series="Catalyst 2970" sysoid=".1.3.6.1.4.1.9.1.527"/>
        <NCMDeviceSysOID model="3750GE" ostype="IOS" series="Catalyst 3750" sysoid=".1.3.6.1.4.1.9.1.530"/>
        <NCMDeviceSysOID model="3750_48PS" ostype="IOS" series="Catalyst 3750" sysoid=".1.3.6.1.4.1.9.1.535"/>
        <NCMDeviceSysOID model="3750_24PS" ostype="IOS" series="Catalyst 3750" sysoid=".1.3.6.1.4.1.9.1.536"/>
        <NCMDeviceSysOID model="4510R" ostype="IOS" series="Catalyst 4500" sysoid=".1.3.6.1.4.1.9.1.537"/>
        <NCMDeviceSysOID model="2940_8TT" ostype="IOS" series="Catalyst 2940" sysoid=".1.3.6.1.4.1.9.1.540"/>
        <NCMDeviceSysOID model="2940_8TF" ostype="IOS" series="Catalyst 2940" sysoid=".1.3.6.1.4.1.9.1.542"/>
        <NCMDeviceSysOID model="2950T_48_SI" ostype="IOS" series="Catalyst 2950" sysoid=".1.3.6.1.4.1.9.1.559"/>
        <NCMDeviceSysOID model="2950SX_48_SI" ostype="IOS" series="Catalyst 2950" sysoid=".1.3.6.1.4.1.9.1.560"/>
        <NCMDeviceSysOID model="2970G_24TS" ostype="IOS" series="Catalyst 2970" sysoid=".1.3.6.1.4.1.9.1.561"/>
        <NCMDeviceSysOID model="3560_24PS" ostype="IOS" series="Catalyst 3560" sysoid=".1.3.6.1.4.1.9.1.563"/>
        <NCMDeviceSysOID model="3560_48PS" ostype="IOS" series="Catalyst 3560" sysoid=".1.3.6.1.4.1.9.1.564"/>
        <NCMDeviceSysOID model="3750G_16TD" ostype="IOS" series="Catalyst 3750G" sysoid=".1.3.6.1.4.1.9.1.591"/>
        <NCMDeviceSysOID model="3750G_24PS" ostype="IOS" series="Catalyst 3750G" sysoid=".1.3.6.1.4.1.9.1.602"/>
        <NCMDeviceSysOID model="3750G_48PS" ostype="IOS" series="Catalyst 3750G" sysoid=".1.3.6.1.4.1.9.1.603"/>
        <NCMDeviceSysOID model="3750G_48TS" ostype="IOS" series="Catalyst 3750G" sysoid=".1.3.6.1.4.1.9.1.604"/>
        <NCMDeviceSysOID model="3560G_24PS" ostype="IOS" series="Catalyst 3560" sysoid=".1.3.6.1.4.1.9.1.614"/>
        <NCMDeviceSysOID model="3560G_24TS" ostype="IOS" series="Catalyst 3560" sysoid=".1.3.6.1.4.1.9.1.615"/>
        <NCMDeviceSysOID model="3560G_48PS" ostype="IOS" series="Catalyst 3560" sysoid=".1.3.6.1.4.1.9.1.616"/>
        <NCMDeviceSysOID model="3560G_48TS" ostype="IOS" series="Catalyst 3560" sysoid=".1.3.6.1.4.1.9.1.617"/>
        <NCMDeviceSysOID model="3750" ostype="IOS" series="Catalyst 3750" sysoid=".1.3.6.1.4.1.9.1.625"/>
        <NCMDeviceSysOID model="4948" ostype="IOS" series="Catalyst 4900" sysoid=".1.3.6.1.4.1.9.1.626"/>
        <NCMDeviceSysOID model="3560_24TS" ostype="IOS" series="Catalyst 3560" sysoid=".1.3.6.1.4.1.9.1.633"/>
        <NCMDeviceSysOID model="3560_48TS" ostype="IOS" series="Catalyst 3560" sysoid=".1.3.6.1.4.1.9.1.634"/>
        <NCMDeviceSysOID model="3750_24FS" ostype="IOS" series="Catalyst 3750" sysoid=".1.3.6.1.4.1.9.1.656"/>
        <NCMDeviceSysOID model="6504_E" ostype="IOS" series="Catalyst 6500" sysoid=".1.3.6.1.4.1.9.1.657"/>
        <NCMDeviceSysOID model="4948-10GE" ostype="IOS" series="Catalyst 4900" sysoid=".1.3.6.1.4.1.9.1.659"/>
        <NCMDeviceSysOID model="2960_24TC" ostype="IOS" series="Catalyst 2960" sysoid=".1.3.6.1.4.1.9.1.694"/>
        <NCMDeviceSysOID model="2960_48TC" ostype="IOS" series="Catalyst 2960" sysoid=".1.3.6.1.4.1.9.1.695"/>
        <NCMDeviceSysOID model="2960G_24TC" ostype="IOS" series="Catalyst 2960" sysoid=".1.3.6.1.4.1.9.1.696"/>
        <NCMDeviceSysOID model="2960G_48TC" ostype="IOS" series="Catalyst 2960" sysoid=".1.3.6.1.4.1.9.1.697"/>
        <NCMDeviceSysOID model="2960_24TT" ostype="IOS" series="Catalyst 2960" sysoid=".1.3.6.1.4.1.9.1.716"/>
        <NCMDeviceSysOID model="2960_48TT" ostype="IOS" series="Catalyst 2960" sysoid=".1.3.6.1.4.1.9.1.717"/>
        <NCMDeviceSysOID model="3400_24TS" ostype="IOS" series="ME 3400" sysoid=".1.3.6.1.4.1.9.1.736"/>
        <NCMDeviceSysOID model="CBS3020" ostype="" series="Catalyst Blade Switch" sysoid=".1.3.6.1.4.1.9.1.748"/>
        <NCMDeviceSysOID model="4924" ostype="IOS" series="4900" sysoid=".1.3.6.1.4.1.9.1.788"/>
        <NCMDeviceSysOID model="3560-24TD" ostype="IOS" series="Catalyst 3560" sysoid=".1.3.6.1.4.1.9.1.793"/>
        <NCMDeviceSysOID model="3560-48TD" ostype="IOS" series="Catalyst 3560" sysoid=".1.3.6.1.4.1.9.1.794"/>
        <NCMDeviceSysOID model="3560-24PD" ostype="IOS" series="Catalyst 3560" sysoid=".1.3.6.1.4.1.9.1.795"/>
        <NCMDeviceSysOID model="3560-48PD" ostype="IOS" series="Catalyst 3560" sysoid=".1.3.6.1.4.1.9.1.796"/>
        <NCMDeviceSysOID model="3560-8PC" ostype="IOS" series="Catalyst 3560" sysoid=".1.3.6.1.4.1.9.1.797"/>
        <NCMDeviceSysOID model="2960-8TC" ostype="IOS" series="Catalyst 2960" sysoid=".1.3.6.1.4.1.9.1.798"/>
        <NCMDeviceSysOID model="2960G-8TC" ostype="IOS" series="Catalyst 2960" sysoid=".1.3.6.1.4.1.9.1.799"/>
        <NCMDeviceSysOID model="6509_V_E " ostype="IOS" series="Catalyst 6500" sysoid=".1.3.6.1.4.1.9.1.832"/>
        <NCMDeviceSysOID model="Catalyst 4500" ostype="IOS" series="4506_E" sysoid=".1.3.6.1.4.1.9.1.875"/>
        <NCMDeviceSysOID model="4507R-E" ostype="IOS" series="Catalyst 4500" sysoid=".1.3.6.1.4.1.9.1.876"/>
        <NCMDeviceSysOID model="WS-C4510R-E" ostype="IOS" series="Catalyst 4500" sysoid=".1.3.6.1.4.1.9.1.877"/>
        <NCMDeviceSysOID model="Catalyst 6500 VSS" ostype="IOS" series="Catalyst 6500" sysoid=".1.3.6.1.4.1.9.1.896"/>
        <NCMDeviceSysOID model="WS-C4900M" ostype="IOS" series="Catalyst 4900M" sysoid=".1.3.6.1.4.1.9.1.917"/>
        <NCMDeviceSysOID model="2960-24S" ostype="IOS" series="Catalyst 2960" sysoid=".1.3.6.1.4.1.9.1.929"/>
        <NCMDeviceSysOID model="3560E-12D-S" ostype="IOS" series="Catalyst 3560-E" sysoid=".1.3.6.1.4.1.9.1.930"/>
        <NCMDeviceSysOID model="3120" ostype="IOS" series="3000" sysoid=".1.3.6.1.4.1.9.1.947"/>
        <NCMDeviceSysOID model="WS-C2960-24PC-L" ostype="IOS" series="Catalyst 2960" sysoid=".1.3.6.1.4.1.9.1.950"/>
        <NCMDeviceSysOID model="3560_12SD_E" ostype="IOS" series="Catalyst 3560" sysoid=".1.3.6.1.4.1.9.1.956"/>
        <NCMDeviceSysOID model="CBS31X0" ostype="IOS" series="31X0" sysoid=".1.3.6.1.4.1.9.1.1000"/>
        <NCMDeviceSysOID model="2960-48TT-S" ostype="IOS" series="Catalyst 2900" sysoid=".1.3.6.1.4.1.9.1.1016"/>
        <NCMDeviceSysOID model="3560V2-24PS" ostype="IOS" series="Catalyst 3560" sysoid=".1.3.6.1.4.1.9.1.1021"/>
        <NCMDeviceSysOID model="3560V2-48PS" ostype="IOS" series="Catalyst 3560" sysoid=".1.3.6.1.4.1.9.1.1025"/>
        <NCMDeviceSysOID model="SM-ES3G-24-P" ostype="IOS" series="2900" sysoid=".1.3.6.1.4.1.9.1.1054"/>
        <NCMDeviceSysOID model="SM-ES3G-24-P" ostype="IOS" series="2900" sysoid=".1.3.6.1.4.1.9.1.1055"/>
        <NCMDeviceSysOID model="WS-C2960-48PST-S" ostype="IOS" series="Catalyst 2960" sysoid=".1.3.6.1.4.1.9.1.1148"/>
        <NCMDeviceSysOID model="4948E-10GE" ostype="IOS" series="Catalyst 4900" sysoid=".1.3.6.1.4.1.9.1.1178"/>
        <NCMDeviceSysOID model="WS-C2960S-24TS-L" ostype="IOS" series="Catalyst 2960s" sysoid=".1.3.6.1.4.1.9.1.1208"/>
        <NCMDeviceSysOID model="3560X-24" ostype="IOS" series="Catalyst 3560X" sysoid=".1.3.6.1.4.1.9.1.1226"/>
        <NCMDeviceSysOID model="WS-C3560X-48T-S" ostype="IOS" series="Catalyst 3560X" sysoid=".1.3.6.1.4.1.9.1.1227"/>
        <NCMDeviceSysOID model="3560X-24P" ostype="IOS" series="Catalyst 3560X" sysoid=".1.3.6.1.4.1.9.1.1228"/>
        <NCMDeviceSysOID model="WS-C3560X-48PF-S" ostype="IOS" series="Catalyst 3560X" sysoid=".1.3.6.1.4.1.9.1.1229"/>
        <NCMDeviceSysOID model="WS-2960S-48TS-S" ostype="IOS" series="Catalyst 2960-S" sysoid=".1.3.6.1.4.1.9.1.1256"/>
        <NCMDeviceSysOID model="2960" ostype="IOS" series="" sysoid=".1.3.6.1.4.1.9.1.1257"/>
        <NCMDeviceSysOID model="WS-C4507R-E" ostype="IOS" series="Catalyst 4500" sysoid=".1.3.6.1.4.1.9.1.1286"/>
        <NCMDeviceSysOID model="4510R-E" ostype="IOS" series="Catalyst 4500" sysoid=".1.3.6.1.4.1.9.1.1287"/>
        <NCMDeviceSysOID model="WS-C3560CG-8PC-S" ostype="IOS" series="Catalyst 3560CG" sysoid=".1.3.6.1.4.1.9.1.1317"/>
        <NCMDeviceSysOID model="WS-C3560CG-8TC-S" ostype="IOS" series="Catalyst 3560CG" sysoid=".1.3.6.1.4.1.9.1.1318"/>
        <NCMDeviceSysOID model="2960C-8PC-L" ostype="IOS" series="Cisco Catalyst 2960C-8PC-L" sysoid=".1.3.6.1.4.1.9.1.1366"/>
        <NCMDeviceSysOID model="4500x" ostype="IOS" series="Catalyst 4500" sysoid=".1.3.6.1.4.1.9.1.1605"/>
        <NCMDeviceSysOID model="3850-48P" ostype="IOS_XE" series="Catalyst 3850" sysoid=".1.3.6.1.4.1.9.1.1641"/>
        <NCMDeviceSysOID model="3850-24T" ostype="IOS_XE" series="Catalyst 3850" sysoid=".1.3.6.1.4.1.9.1.1644"/>
        <NCMDeviceSysOID model="WS-C2960X-24PSK-L" ostype="IOS" series="Catalyst 2960-X" sysoid=".1.3.6.1.4.1.9.1.1700"/>
        <NCMDeviceSysOID model="WS-C2960X-24TSL-L" ostype="IOS" series="Catalyst 2960-X" sysoid=".1.3.6.1.4.1.9.1.1704"/>
        <NCMDeviceSysOID model="WS-4500X-16" ostype="IOS" series="Catalyst 4500X" sysoid=".1.3.6.1.4.1.9.1.1732"/>
        <NCMDeviceSysOID model="WS-C3850-48T" ostype="IOS_XE" series="Catalyst 3850" sysoid=".1.3.6.1.4.1.9.1.1745"/>
        <NCMDeviceSysOID model="WS-C2960+48PST-L" ostype="IOS" series="Catalyst 2960" sysoid=".1.3.6.1.4.1.9.1.1748"/>
        <NCMDeviceSysOID model="WS-C2960+24PC-L" ostype="IOS" series="Catalyst 2960" sysoid=".1.3.6.1.4.1.9.1.1749"/>
        <NCMDeviceSysOID model="2960+24TC-S" ostype="IOS" series="Catalyst 2960" sysoid=".1.3.6.1.4.1.9.1.1757"/>
        <NCMDeviceSysOID model="WS-C3650-24TS" ostype="IOS_XE" series="Catalyst 3650" sysoid=".1.3.6.1.4.1.9.1.1823"/>
        <NCMDeviceSysOID model="WS-C3650-24PS" ostype="IOS_XE" series="Catalyst 3650" sysoid=".1.3.6.1.4.1.9.1.1825"/>
        <NCMDeviceSysOID model="WS-C3650-48PD" ostype="IOS_XE" series="Catalyst 3650" sysoid=".1.3.6.1.4.1.9.1.1830"/>
        <NCMDeviceSysOID model="C6807-XL" ostype="IOS" series="Catalyst 6800" sysoid=".1.3.6.1.4.1.9.1.1934"/>
        <NCMDeviceSysOID model="WS-C3650-24TS" ostype="IOS_XE" series="Catalyst 3650" sysoid=".1.3.6.1.4.1.9.1.2066"/>
        <NCMDeviceSysOID model="WS-C3560CX-8PT-S" ostype="IOS" series="Catalyst 3560" sysoid=".1.3.6.1.4.1.9.1.2130"/>
        <NCMDeviceSysOID model="3560CX-12TC-S" ostype="IOS" series="Catalyst 3560CX" sysoid=".1.3.6.1.4.1.9.1.2133"/>
        <NCMDeviceSysOID model="3560CX-12PC-S" ostype="IOS" series="Catalyst 3560CX" sysoid=".1.3.6.1.4.1.9.1.2134"/>
        <NCMDeviceSysOID model="2960CX-8TC-L" ostype="IOS" series="Catalyst 2960CX" sysoid=".1.3.6.1.4.1.9.1.2137"/>
        <NCMDeviceSysOID model="WS-C2960CX-8PC-L" ostype="IOS" series="C2960CX" sysoid=".1.3.6.1.4.1.9.1.2191"/>
        <NCMDeviceSysOID model="cpw1900" ostype="IOS" series="1900" sysoid=".1.3.6.1.4.1.9.5.16"/>
        <NCMDeviceSysOID model="1900 " ostype="IOS" series="Catalyst 1900" sysoid=".1.3.6.1.4.1.9.5.18"/>
        <NCMDeviceSysOID model="Catalyst 1900c" ostype="IOS" series="Catalyst 1900" sysoid=".1.3.6.1.4.1.9.5.28"/>
        <NCMDeviceSysOID model="CatOS 5509" ostype="IOS" series="Catalyst 5500" sysoid=".1.3.6.1.4.1.9.5.36"/>
        <NCMDeviceSysOID model="SGE2000P" ostype="IOS" series="Cisco SMB" sysoid=".1.3.6.1.4.1.9.6.1.73.2000.3"/>
        <NCMDeviceSysOID model="UCS FI6248UP" ostype="UCS" series="UCS 6200" sysoid=".1.3.6.1.4.1.9.12.3.1.3.1062"/>
        <NCMDeviceSysOID model="371098_001" ostype="" series="CGESM" sysoid=".1.3.6.1.4.1.11.2.3.7.11.33.3.1.1"/>
    </NCMDeviceSysOIDList>
    <CustDeviceSysOIDList>
        <CustDeviceSysOID model="Cisco - C9500-48Y4C-A" ostype="[NA]" series="C9500-48Y4C-A" sysoid=".1.3.6.1.4.1.9.1.2568"/>
        <CustDeviceSysOID model="Catalyst 9500 32" ostype="[NA]" series="C9500-32C-A" sysoid=".1.3.6.1.4.1.9.1.2566"/>
    </CustDeviceSysOIDList>
	<PromptActionIds/>
</NCMDeviceTemplate>
